names,quantity
LUNA,143 
CHARLIE,116 
BELLA,85 
SHADOW,85 
LUCY,79 
COCO,72 
LEO,72 
MOLLY,68 
SMOKEY,64 
DAISY,60 
LILY,60 
OLIVER,60 
TIGER,60 
MAX,59 
SIMBA,59 
JACK,57 
CLEO,55 
BUDDY,54 
MILO,54 
OREO,54 
LUCKY,53 
PEPPER,52 
GINGER,49 
LOLA,49 
FELIX,48 
TIGGER,47 
MISTY,45 
PRINCESS,45 
MIA,44 
ROSIE,43 
MINNIE,42 
BABY,41 
GEORGE,41 
KITTY,41 
OSCAR,41 
SAM,41 
SIMON,40 
CHLOE,39 
LOKI,38 
PUMPKIN,38 
SOPHIE,38 
TOBY,38 
FLUFFY,37 
STELLA,36 
WILLOW,36 
BOOTS,35 
GRACIE,35 
NALA,34 
MAGGIE,33 
MIDNIGHT,33 
COOKIE,32 
MISSY,32 
CALLIE,31 
MIMI,31 
ANGEL,30 
KIKI,30 
LULU,30 
SMUDGE,30 
TOMMY,30 
PATCHES,29 
RUBY,29 
SADIE,29 
JASPER,28 
TEDDY,27 
ZOE,27 
BOO,26 
PENNY,26 
ARCHIE,25 
OLLIE,25 
CHESTER,24 
FRANKIE,24 
GARFIELD,24 
MITTENS,24 
OLIVE,24 
PENELOPE,24 
PRINCE,24 
ROCKY,24 
GIZMO,23 
HENRY,23 
JOEY,23 
MILLIE,23 
MONTY,23 
POPPY,23 
SALEM,23 
SAMMY,23 
SYLVESTER,23 
GIGI,22 
PIPER,22 
ASH,21 
BEAR,21 
MUFFIN,21 
WINSTON,21 
BLACKIE,20 
BLUE,20 
MOCHA,20 
PEACHES,20 
PRECIOUS,20 
SUGAR,20 
ABBY,19 
AMBER,19 
BANDIT,19 
CALI,19 
EMMA,19 
HARRY,19 
HOLLY,19 
MOMO,19 
PHOEBE,19 
SASHA,19 
ATHENA,18 
HAZEL,18 
MOCHI,18 
ZEUS,18 
ZIGGY,18 
ALICE,17 
BELLE,17 
BUSTER,17 
DUSTY,17 
HARLEY,17 
IVY,17 
JACKSON,17 
MANGO,17 
MARLEY,17 
PEANUT,17 
PERCY,17 
RUSTY,17 
THEO,17 
TOM,17 
BAILEY,16 
BILLY,16 
BOB,16 
CHARLOTTE,16 
CRICKET,16 
DEXTER,16 
HONEY,16 
KIWI,16 
LILLY,16 
MAYA,16 
MISHA,16 
PANDA,16 
ROMEO,16 
STORM,16 
SUSHI,16 
WHISKEY,16 
BUBBLES,15 
FINN,15 
GUS,15 
JASMINE,15 
LADY,15 
MICKEY,15 
ROXY,15 
TABITHA,15 
WINNIE,15 
ZOEY,15 
ARTEMIS,14 
BONNIE,14 
BOWIE,14 
BRUCE,14 
BUTTERCUP,14 
CALVIN,14 
CASPER,14 
CHICO,14 
CINNAMON,14 
CLEMENTINE,14 
ELLIE,14 
FINNEGAN,14 
IZZY,14 
JERRY,14 
MAPLE,14 
MINOU,14 
MONKEY,14 
PIXIE,14 
RILEY,14 
SKY,14 
SPARKY,14 
SUNNY,14 
TINA,14 
ANNIE,13 
BARNEY,13 
BOBBY,13 
CLYDE,13 
COSMO,13 
EARL,13 
ELLA,13 
FRED,13 
HUNTER,13 
IRIS,13 
JUNIPER,13 
LACEY,13 
LOUIE,13 
MIKA,13 
ONYX,13 
OZZY,13 
PEBBLES,13 
RASCAL,13 
SOCKS,13 
TIA,13 
VIOLET,13 
ANGUS,12 
APOLLO,12 
ARTHUR,12 
BASIL,12 
BATMAN,12 
BAXTER,12 
BENJAMIN,12 
CHASE,12 
CODY,12 
EDDIE,12 
GEORGIE,12 
JOJO,12 
LEXI,12 
MARBLE,12 
MARTY,12 
MERLIN,12 
OLIVIA,12 
PARKER,12 
PICKLES,12 
RUPERT,12 
SAMANTHA,12 
SANDY,12 
SCOUT,12 
SKITTLES,12 
SNOWBALL,12 
SNOWFLAKE,12 
STAR,12 
STORMY,12 
TIMMY,12 
BEAN,11 
BENNY,11 
BENTLEY,11 
BRUNO,11 
CAT,11 
CUDDLES,11 
DOLLY,11 
ELVIS,11 
FREDDIE,11 
FREYA,11 
HUGO,11 
JAKE,11 
JAMES,11 
KATIE,11 
MAC,11 
MILA,11 
MINI,11 
NINJA,11 
PEARL,11 
RAMBO,11 
REX,11 
SASSY,11 
SEBASTIAN,11 
SHEBA,11 
SUNSHINE,11 
SWEET PEA,11 
TABBY,11 
THOMAS,11 
THOR,11 
TINY,11 
ABIGAIL,10 
ALFIE,10 
AMY,10 
ASHLEY,10 
AUTUMN,10 
BEAU,10 
COCOA,10 
ELSA,10 
EMILY,10 
GILBERT,10 
GRACE,10 
GREY,10 
GUCCI,10 
JAX,10 
JIMMY,10 
JINX,10 
JUPITER,10 
KALI,10 
KITTEN,10 
LICORICE,10 
LOGAN,10 
LYNX,10 
MISO,10 
MOUSE,10 
MURPHY,10 
NINA,10 
NOVA,10 
OPAL,10 
QUINN,10 
ROSE,10 
SALLY,10 
SILVER,10 
SNOWY,10 
SOPHIA,10 
STEVIE,10 
TINKERBELL,10 
ACE,9 
ALFRED,9 
ARIEL,9 
AUDREY,9 
BEATRICE,9 
BETTY,9 
BILLIE,9 
BISCUIT,9 
BO,9 
CLEOPATRA,9 
COOPER,9 
DASH,9 
DELILAH,9 
DIAMOND,9 
DOMINO,9 
EBONY,9 
FIGARO,9 
FIONA,9 
GEMMA,9 
JESSIE,9 
JOSIE,9 
JOY,9 
JUNO,9 
KITKAT,9 
KOKO,9 
LUKE,9 
MAGIC,9 
MARBLES,9 
MOON,9 
MORRIS,9 
NAME?,9 
NEKO,9 
OTIS,9 
PANDORA,9 
PHOENIX,9 
PIP,9 
POLLY,9 
QUEENIE,9 
RAVEN,9 
REMY,9 
RIVER,9 
SABRINA,9 
SAGE,9 
SHERLOCK,9 
SNOW,9 
STITCH,9 
SUKI,9 
TRIXIE,9 
WALLY,9 
XENA,9 
ALEX,8 
ANDY,8 
ARLO,8 
ARYA,8 
BIANCA,8 
BIBI,8 
BUBBA,8 
CASSIE,8 
CHARLES,8 
CLARA,8 
ECHO,8 
ERNIE,8 
FLORA,8 
FREDDY,8 
GEORGIA,8 
GOOSE,8 
HOPE,8 
JADE,8 
JET,8 
LIAM,8 
LILA,8 
MARCO,8 
MARSHMALLOW,8 
NIKKI,8 
PEDRO,8 
PEKOE,8 
PEPE,8 
PETUNIA,8 
RICKY,8 
ROCKET,8 
RUDY,8 
SCOOTER,8 
SELENA,8 
SPARKLES,8 
SUSIE,8 
SWEETIE,8 
TESSA,8 
TILLY,8 
TROUBLE,8 
TUX,8 
TWINKLE,8 
VICTORIA,8 
WHISKERS,8 
YUKI,8 
ZELDA,8 
ALVIN,7 
BARLEY,7 
BLUEBERRY,7 
BOBO,7 
BUFFY,7 
BUNNY,7 
BUTTONS,7 
CAIRO,7 
CARAMEL,7 
CHEETO,7 
CHELSEA,7 
CHIP,7 
EARL GREY,7 
EVIE,7 
FERN,7 
FIFI,7 
FLASH,7 
FRANK,7 
GARY,7 
GHOST,7 
GRETA,7 
GYPSY,7 
HANNAH,7 
HARU,7 
HECTOR,7 
JOHNNY,7 
JUNIOR,7 
LEXIE,7 
LOUIS,7 
LUCIFER,7 
MAMA,7 
MARS,7 
MATILDA,7 
MAURICE,7 
MELODY,7 
MEOW MEOW,7 
MIKEY,7 
MIKO,7 
MYLO,7 
NELLIE,7 
NOAH,7 
NORMAN,7 
NOX,7 
PHANTOM,7 
PINKY,7 
PIPPA,7 
PIPPIN,7 
PLUTO,7 
ROCCO,7 
SIMONE,7 
SNICKERS,7 
SNOOPY,7 
SPOT,7 
STANLEY,7 
TACO,7 
TAFFY,7 
TARA,7 
TAZ,7 
TIMBIT,7 
TUNA,7 
WEDNESDAY,7 
WILLIAM,7 
WOLFIE,7 
ACHILLES,6 
ANNA,6 
ANNABELLE,6 
APRIL,6 
ARIA,6 
AVA,6 
BAGHEERA,6 
BAMBI,6 
BEANS,6 
BEAUTY,6 
BELLO,6 
BLACKBERRY,6 
BLAZE,6 
BRIE,6 
BROWNIE,6 
CASHEW,6 
CASSIDY,6 
CINDY,6 
CLOUDY,6 
COLE,6 
CORA,6 
CRYSTAL,6 
CUPCAKE,6 
DANTE,6 
DAPHNE,6 
DARCY,6 
DIXIE,6 
DOBBY,6 
DORA,6 
DOROTHY,6 
DOTTIE,6 
DUCHESS,6 
DUNDEE,6 
EMMY,6 
EVA,6 
GLORIA,6 
GRAY,6 
GREYSON,6 
HANK,6 
HAPPY,6 
HERCULES,6 
INDY,6 
ISABELLA,6 
ISIS,6 
JAMIE,6 
JAZZY,6 
JESSE,6 
JULES,6 
JULIET,6 
KENNY,6 
KHALEESI,6 
KING,6 
KIT KAT,6 
KOBE,6 
LANCELOT,6 
LAYLA,6 
LEIA,6 
LEONARDO,6 
LEROY,6 
LEVI,6 
LINUS,6 
LIONEL,6 
LISA,6 
LIZZIE,6 
LUCA,6 
MABEL,6 
MAEVE,6 
MAXI,6 
MERRY,6 
MILKY,6 
MINNOW,6 
MITZI,6 
MITZY,6 
MOOKIE,6 
MOOSE,6 
MOSES,6 
MOWGLI,6 
NACHO,6 
NEMO,6 
NEO,6 
NIKO,6 
ORION,6 
PATCH,6 
PUMA,6 
QUINCY,6 
REESE,6 
RITA,6 
ROGER,6 
RUFUS,6 
SAMSON,6 
SIDNEY,6 
SPICE,6 
SPIRIT,6 
TANNER,6 
THEODORE,6 
TIPPY,6 
TOAST,6 
TOBI,6 
TOFU,6 
TONY,6 
TUCKER,6 
TUXEDO,6 
TYSON,6 
VELVET,6 
VENUS,6 
VINNIE,6 
WALTER,6 
WILLY,6 
WOODY,6 
YODA,6 
ZACH,6 
ZORRO,6 
ABBEY,5 
ALBERT,5 
ASHER,5 
ASPEN,5 
ATTICUS,5 
BALOO,5 
BARNABY,5 
BART,5 
BERNARD,5 
BIJOU,5 
BLOSSOM,5 
BREE,5 
BRUTUS,5 
BUCKY,5 
BUTTER,5 
CASEY,5 
CHANEL,5 
CHECKERS,5 
CHICA,5 
CHRISSY,5 
CINDERELLA,5 
CLOVER,5 
COCONUT,5 
COMET,5 
COPPER,5 
DAHLIA,5 
DAX,5 
DIEGO,5 
DUCKY,5 
ECLIPSE,5 
EDWIN,5 
ELI,5 
EMBER,5 
FANNY,5 
FLUFF,5 
FOXY,5 
FREDERICK,5 
FRIDA,5 
GIDGET,5 
GINA,5 
HALO,5 
HERSHEY,5 
HOWARD,5 
INKY,5 
JACKIE,5 
JACOB,5 
JANE,5 
JAZZ,5 
JENNY,5 
JERSEY,5 
JEWEL,5 
JOLIE,5 
JOSEPHINE,5 
JULIE,5 
KAI,5 
KARMA,5 
KEIRA,5 
KEVIN,5 
KIT,5 
LALA,5 
LATTE,5 
LIGHTNING,5 
LITTLE BEAR,5 
LOUISE,5 
LUCIE,5 
LYLA,5 
MACK,5 
MACY,5 
MAISIE,5 
MARIE,5 
MARILYN,5 
MARLEE,5 
MARTIN,5 
MARY,5 
MATTHEW,5 
MAXIE,5 
MAXINE,5 
MEEKO,5 
MERCEDES,5 
MICAH,5 
MIKE,5 
MILKSHAKE,5 
MINDY,5 
MISCHIEF,5 
MISHKA,5 
MOJO,5 
MONICA,5 
MONTE,5 
MORGAN,5 
NICO,5 
NIMBUS,5 
NOODLE,5 
ODIE,5 
OPHELIA,5 
OTTO,5 
OZZIE,5 
PACO,5 
PASHA,5 
PEACH,5 
PETE,5 
PETER,5 
PICASSO,5 
PIKACHU,5 
PITA,5 
PIXEL,5 
POPCORN,5 
PURRCY,5 
RAMONA,5 
RED,5 
RIO,5 
ROBIN,5 
RONNIE,5 
RORY,5 
ROSA,5 
SAMPSON,5 
SARAH,5 
SAVANNAH,5 
SCAR,5 
SLINKY,5 
SPENCER,5 
SPIKE,5 
STERLING,5 
SULLY,5 
SUNDAY,5 
SYDNEY,5 
TESLA,5 
TIMOTHY,5 
TINKER BELL,5 
TJ,5 
TOOTSIE,5 
TULIP,5 
VINNY,5 
WANDA,5 
WATSON,5 
WILSON,5 
ALLEY,4 
ANGIE,4 
ARI,4 
ARIES,4 
ASHA,4 
ASHTON,4 
ASTER,4 
ASTRO,4 
ATLAS,4 
AURORA,4 
BADGER,4 
BARON,4 
BB,4 
BECKY,4 
BENITO,4 
BENJI,4 
BERT,4 
BETH,4 
BLACKY,4 
BOBBIE,4 
BOLT,4 
BONES,4 
BORIS,4 
BOW,4 
BROOKLYN,4 
BUTTERSCOTCH,4 
BYRON,4 
CAESAR,4 
CANDY,4 
CARLOS,4 
CARLY,4 
CASH,4 
CECE,4 
CESAR,4 
CHAMP,4 
CHANDLER,4 
CHARCOAL,4 
CHARLEY,4 
CHERRY,4 
CINDER,4 
CLAIRE,4 
COLA,4 
COSMIC,4 
COTTON,4 
COWBOY,4 
CUTIE,4 
DARWIN,4 
DAVE,4 
DAWN,4 
DICE,4 
DOC,4 
DODGER,4 
DOOLEY,4 
DORIAN,4 
DUNCAN,4 
DYSON,4 
EDDY,4 
EDNA,4 
FERGUS,4 
FINNIGAN,4 
FRANCINE,4 
FRANKLIN,4 
FRIDAY,4 
GANDALF,4 
GEORGINA,4 
GERTRUDE,4 
GILLIGAN,4 
GNOCCHI,4 
GOLDEN,4 
GOLDIE,4 
GREMLIN,4 
GRETEL,4 
GUINESS,4 
HARPER,4 
HEIDI,4 
HERA,4 
HOBBES,4 
IKE,4 
JAXON,4 
JAY,4 
JEFF,4 
JELLO,4 
JELLY,4 
JESSICA,4 
JIJI,4 
JINGLES,4 
KAT,4 
KATY,4 
KC,4 
KIKO,4 
KIMCHI,4 
KRONK,4 
LARRY,4 
LEON,4 
LEONARD,4 
LIBBY,4 
LILITH,4 
LILO,4 
LINK,4 
LOLO,4 
LONDON,4 
MARCUS,4 
MARGO,4 
MARIA,4 
MARMALADE,4 
MARNIE,4 
MARTINI,4 
MASHA,4 
MAUD,4 
MAUI,4 
MAVIS,4 
MAXWELL,4 
MICHAEL,4 
MICHELLE,4 
MILEY,4 
MILLY,4 
MOE,4 
MORTY,4 
MUNCHKIN,4 
NAMI,4 
NEPTUNE,4 
NICK,4 
NIGEL,4 
NO NAME 2,4 
NUGGET,4 
NUTMEG,4 
NYX,4 
OPIE,4 
ORANGE,4 
OSWALD,4 
PASCAL,4 
PATRICK,4 
PEEKABOO,4 
PERSEPHONE,4 
PJ,4 
PRISCILLA,4 
PUDDING,4 
PUFF,4 
QUEEN,4 
RAISIN,4 
RALPH,4 
RANDY,4 
REBECCA,4 
REGGIE,4 
RINGO,4 
RIPLEY,4 
ROBBIE,4 
ROGUE,4 
ROONEY,4 
ROSEMARY,4 
SCARLET,4 
SEAMUS,4 
SHELBY,4 
SHILOH,4 
SIERRA,4 
SMIDGE,4 
SMOKIE,4 
SNUGGLES,4 
SOOKIE,4 
SOX,4 
STEWART,4 
SUMMER,4 
SUZIE,4 
TAMMY,4 
TANGO,4 
TASHA,4 
TED,4 
THUNDER,4 
TIKKA,4 
TIM,4 
TITO,4 
TORI,4 
TUFFY,4 
TWILIGHT,4 
TWIX,4 
WINTER,4 
XAVIER,4 
YOSHI,4 
ZARA,4 
ZURI,4 
ADELAIDE,3 
AIMEE,3 
ALLY,3 
ALPHIE,3 
AMBROSE,3 
AMELIA,3 
ANASTASIA,3 
ANGELINA,3 
APPLE,3 
ASTRID,3 
AUGGIE,3 
AUGUST,3 
AUGUSTUS,3 
AXL,3 
BABE,3 
BAGEL,3 
BARFI,3 
BARRY,3 
BARTLETT,3 
BEBE,3 
BEELZEBUB,3 
BELL,3 
BEN,3 
BIG BOY,3 
BINDI,3 
BINGO,3 
BINOO,3 
BLAIR,3 
BLANCHE,3 
BLU,3 
BOO BOO,3 
BOOTSIE,3 
BRO,3 
BRODY,3 
BUBBLE,3 
BUGSY,3 
BUTTERS,3 
BUZZ,3 
CALCIFER,3 
CALICO,3 
CALYPSO,3 
CAPPUCCINO,3 
CARMEN,3 
CASSIOPEIA,3 
CECIL,3 
CEDRIC,3 
CELESTE,3 
CHAI,3 
CHEETAH,3 
CHEVY,3 
CHEWIE,3 
CHIBI,3 
CHICHI,3 
CHILLI,3 
CHU CHU,3 
CHUNK,3 
CHURRO,3 
CICI,3 
CJ,3 
CLARENCE,3 
CLARK,3 
CLIFFORD,3 
CLOUD,3 
COAL,3 
CORALINE,3 
CORDELIA,3 
CRUSH,3 
DAVID,3 
DENNY,3 
DIANA,3 
DIOR,3 
DIVA,3 
DIZZY,3 
DJ,3 
DONUT,3 
DOPEY,3 
DOT,3 
DOUBLE,3 
DOUG,3 
DOVE,3 
DUDE,3 
DUDU,3 
DUKE,3 
ECLAIR,3 
EDGAR,3 
EDIE,3 
EDITH,3 
ELIZABETH,3 
ELLE,3 
ELLEN,3 
ELLIOT,3 
ELLIOTT,3 
ELOISE,3 
ELTON,3 
EMMETT,3 
ENZO,3 
ESME,3 
ESMERALDA,3 
ESTHER,3 
EVE,3 
FELICIA,3 
FIG,3 
FITZ,3 
FIZZY,3 
FLORENCE,3 
FLOYD,3 
FLYNN,3 
FOG,3 
FOX,3 
FRITZ,3 
FUZZY,3 
GABBY,3 
GALLAGHER,3 
GASTON,3 
GATO,3 
GIA,3 
GIBBS,3 
GIDEON,3 
GILLIAN,3 
GISELLE,3 
GODZILLA,3 
GRIFFIN,3 
GROOT,3 
GUSTAVE,3 
HADES,3 
HAGRID,3 
HAILEY,3 
HARLOW,3 
HAROLD,3 
HARRIET,3 
HARRISON,3 
HERMAN,3 
HOUDINI,3 
HOWIE,3 
HUEY,3 
HUMPHREY,3 
ISABELLE,3 
ISLA,3 
JAGGER,3 
JAVA,3 
JELLYBEAN,3 
JETTA,3 
JJ,3 
JOCELYNE,3 
JOSH,3 
JULIA,3 
JULIETTE,3 
JULIUS,3 
KALINDA,3 
KALLIE,3 
KEANU,3 
KICIUS,3 
KIMI,3 
KINGSLEY,3 
KINKY,3 
KIRA,3 
KISMET,3 
KITTEN 5,3 
KLAUS,3 
KOBI,3 
KYLE,3 
LASKA,3 
LEAH,3 
LEELA,3 
LEELOO,3 
LENNY,3 
LESTER,3 
LEVY,3 
LEWIS,3 
LILLIE,3 
LITTLE,3 
LUC,3 
LUCI,3 
LUCILLE,3 
LUIGI,3 
MADELINE,3 
MAISY,3 
MAJA,3 
MALCOLM,3 
MARCEL,3 
MARCY,3 
MARGARITA,3 
MARIO,3 
MARK,3 
MARLOWE,3 
MARVIN,3 
MASON,3 
MAUDE,3 
MAY,3 
MEATBALL,3 
MEL,3 
MELLOW,3 
MERCY,3 
MEW MEW,3 
MICA,3 
MICK,3 
MICKIE,3 
MIDGE,3 
MILES,3 
MILLER,3 
MILLICENT,3 
MILOU,3 
MIMOSA,3 
MINA,3 
MINGUS,3 
MINOUCHE,3 
MIRA,3 
MISCHA,3 
MISTER,3 
MITSY,3 
MOLSON,3 
MOO,3 
MOO MOO,3 
MOONLIGHT,3 
MORTIMER,3 
MOSCA,3 
MULAN,3 
MYA,3 
MYSTIC,3 
NANA,3 
NAPOLEON,3 
NEBULA,3 
NELLY,3 
NERMAL,3 
NEWTON,3 
NIBBLER,3 
NICKI,3 
NINO,3 
NO NAME 1,3 
NOEL,3 
NORA,3 
NORI,3 
OBI,3 
OLAF,3 
OSKAR,3 
OWEN,3 
PAISLEY,3 
PANCAKE,3 
PANCHO,3 
PARIS,3 
PATSY,3 
PATTY,3 
PAUL,3 
PEGGY,3 
PETEY,3 
PHYLLIS,3 
PICKLE,3 
PICO,3 
PIGEON,3 
PINOT,3 
PISTACHE,3 
PISTACHIO,3 
PK,3 
PLUM,3 
POLKAROO,3 
PRETTY GIRL,3 
PROFESSOR,3 
PRUDENCE,3 
PUSS,3 
RAGNAR,3 
RAIN,3 
RANGER,3 
RAPHAEL,3 
REBA,3 
ROLLIE,3 
ROLO,3 
ROSCO,3 
ROSS,3 
ROXANNE,3 
ROXIE,3 
RUCKUS,3 
RUSSELL,3 
RYDER,3 
SABER,3 
SAKURA,3 
SALTY,3 
SAMMI,3 
SAMUEL,3 
SATURN,3 
SCAMP,3 
SCARLETT,3 
SCOOBY,3 
SEBASTIEN,3 
SERENA,3 
SESAME,3 
SEYMOUR,3 
SHADE,3 
SHAGGY,3 
SHEEBA,3 
SHYLA,3 
SID,3 
SIRIUS,3 
SKYE,3 
SKYLAR,3 
SMOKY,3 
SNEAKERS,3 
SOOT,3 
SORA,3 
SPARKLE,3 
SPOCK,3 
SPOOKY,3 
SQUEAK,3 
SQUEEKER,3 
SQUID,3 
STEVE,3 
STUART,3 
SUZY,3 
SWEETPEA,3 
SYLVIE,3 
TAHINI,3 
TALLULAH,3 
TARZAN,3 
TATE,3 
TAYLOR,3 
T'CHALLA,3 
TEDDY BEAR,3 
TEGAN,3 
TEQUILA,3 
TERRA,3 
TERRY,3 
TESSIE,3 
THOMPSON,3 
TIGER LILY,3 
TIGGY,3 
TIKI,3 
TIPPER,3 
TISHA,3 
TOBIAS,3 
TOTO,3 
TRAVIS,3 
TREVOR,3 
TROOPER,3 
TRUFFLES,3 
TULA,3 
TWINKIE,3 
TWITCH,3 
TYBALT,3 
UNO,3 
VADER,3 
VALENTINE,3 
VANILLA,3 
VEGAS,3 
VIVI,3 
WENDY,3 
WHITEY,3 
WILFRED,3 
WILLA,3 
WINK,3 
YOKO,3 
YUZU,3 
ZENA,3 
ZIPPY,3 
ZUKO,3 
ABNER,2 
ADA,2 
ADAM,2 
ADONIS,2 
AGGIE,2 
AIKO,2 
AKAI,2 
AKI,2 
AKIRA,2 
ALASKA,2 
ALLEN,2 
ALMOND,2 
AMELIE,2 
AMIRA,2 
ANA,2 
ANDERSON,2 
ANDRE,2 
ANGELO,2 
ANNETTE,2 
ANTHONY,2 
ANUBIS,2 
ANYA,2 
APRICOT,2 
ARC,2 
ARCHER,2 
ARES,2 
ARNOLD,2 
ATHOS,2 
AUDI,2 
AURA,2 
AUSTIN,2 
AVERY,2 
AVIICII,2 
AWESOME,2 
AZUKI,2 
BABEE,2 
BABY BEAR,2 
BABY CAT,2 
BABY POTATO,2 
BABY RUTH,2 
BANANA,2 
BANJO,2 
BARBIE,2 
BARSIK,2 
BASTET,2 
BAUER,2 
BEAMER,2 
BEANIE,2 
BEAST,2 
BEATRIX,2 
BEAUREGARD,2 
BEAUTIFUL,2 
BELA,2 
BENJIE,2 
BENOIT,2 
BERRY,2 
BERTIE,2 
BETSY,2 
BIFF,2 
BIG M,2 
BILLI,2 
BINX,2 
BIRD,2 
BISCUITS,2 
BLACK,2 
BLACK BEAN,2 
BLAKE,2 
BLISS,2 
BLIZZARD,2 
BLONDIE,2 
BO BO,2 
BOBA,2 
BODHI,2 
BOGOTA,2 
BOO RADLEY,2 
BOOBOO,2 
BOOMER,2 
BOOTSY,2 
BOSCO,2 
BOSTON,2 
BOXER,2 
BRANDON,2 
BRANDY,2 
BRAVEHEART,2 
BRIA,2 
BRIAN,2 
BRIANNA,2 
BROCK,2 
BRONCO,2 
BRUCE WAYNE,2 
BUCK,2 
BUD,2 
BUG,2 
BUGS,2 
BURRITO,2 
BURTON,2 
BUTTERNUT,2 
BUTTON,2 
BYNX,2 
CAETANO,2 
CAFE,2 
CAGNEY,2 
CALIX,2 
CALLI,2 
CALLIOPE,2 
CALLY,2 
CAMI,2 
CANELA,2 
CAPTAIN,2 
CARA,2 
CARDI,2 
CARL,2 
CARLA,2 
CARLTON,2 
CARMINE,2 
CAROL,2 
CARROT CAKE,2 
CASPAR,2 
CASS,2 
CASTLE,2 
CAT 3,2 
CATNISS,2 
CATO,2 
CEASAR,2 
CERSEI,2 
CHANCE,2 
CHANTAL,2 
CHAOS,2 
CHAPLIN,2 
CHAUSSETTE,2 
CHAZ,2 
CHEEKA,2 
CHEEKY,2 
CHEESE,2 
CHEESECAKE,2 
CHESTER COPP,2 
CHESTNUT,2 
CHEWY,2 
CHILI,2 
CHOCO,2 
CHOCOLATE,2 
CHOMPERS,2 
CHOUPETTE,2 
CHRIS,2 
CHRISTINA,2 
CHRISTOPHER,2 
CHUBBS,2 
CHUBBY,2 
CHUCK,2 
CHULO,2 
CHUTNEY,2 
CHYNA,2 
CLARABELLE,2 
CLAWS,2 
CLEOCATRA,2 
CLINT,2 
CLIO,2 
CLOVE,2 
COBALT,2 
COHEN,2 
COLBY,2 
COREY,2 
CORIANDER,2 
CORONA,2 
CORY,2 
COSMOS,2 
COSTELLO,2 
COURTNEY,2 
CRESSIDA,2 
CROSBY,2 
CROUTON,2 
CRUNCHIE,2 
CUBBY,2 
CUPID,2 
DAENERYS,2 
DALE,2 
DALIA,2 
DALLAS,2 
DANI,2 
DANNY,2 
DARLA,2 
DAVEY,2 
DECLAWED,2 
DEEDEE,2 
DELLA,2 
DELTA,2 
DENGO,2 
DENNIS,2 
DEVON,2 
DEWEY,2 
DEX,2 
DICKENS,2 
DIDI,2 
DIESEL,2 
DINAH,2 
DOCTOR,2 
DOG,2 
DOJA,2 
DOLCE,2 
DONATELLA,2 
DOOBIE,2 
DORY,2 
DOTTY,2 
DUDLEY,2 
DUTCHESS,2 
DWIGHT,2 
EDUARDO,2 
EDWARD,2 
EEVEE,2 
EINSTEIN,2 
ELA,2 
ELEANOR,2 
ELIA,2 
ELIE,2 
ELLIS,2 
ELMER,2 
ELSIE,2 
ELVIRA,2 
ELWOOD,2 
EMERALD,2 
EMMIE,2 
ERICK THE RE,2 
ESPRESSO,2 
ESTELLE,2 
ETHEL,2 
EUGENE,2 
EVAN,2 
EVEE,2 
EVERETT,2 
EVINRUDE,2 
EZIO,2 
FABIO,2 
FAITH,2 
FAJITA,2 
FANTA,2 
FARLEY,2 
FATTY,2 
FEATHER,2 
FENDI,2 
FERDINAND,2 
FISH,2 
FITZGERALD,2 
FLOSSY,2 
FONZIE,2 
FOREST,2 
FORREST,2 
FRANCIS,2 
FRECKLES,2 
FREYJA,2 
FRIEDA,2 
FRISKY,2 
FROSTY,2 
FUDGE,2 
FURBALL,2 
GADGET,2 
GALADRIEL,2 
GARBO,2 
GATSBY,2 
GEM,2 
GEORGIE GIRL,2 
GERRY,2 
GIGABYTE,2 
GIGIO,2 
GIMLI,2 
GIN,2 
GINGI,2 
GINGY,2 
GINNY,2 
GIRLIE,2 
GISMO,2 
GLORY,2 
GNOME,2 
GOOGLE,2 
GORDON,2 
GRASSHOPPER,2 
GRIFFITH,2 
GRINGO,2 
GRISOU,2 
GROOMER,2 
GRUMPY,2 
GRYPHON,2 
GUNNER,2 
GUSTAV,2 
GYPSIE,2 
HALF PINT,2 
HAM,2 
HANNA,2 
HANNIBAL,2 
HANS,2 
HANSEL,2 
HARVEY,2 
HATTIE,2 
HAWK EYE,2 
HAWTHORNE,2 
HAZELNUT,2 
HEATHER,2 
HEMINGWAY,2 
HENRI,2 
HERMIONE,2 
HERO,2 
HIGHLAND,2 
HOAGIE,2 
HOBBS,2 
HODGE,2 
HOMER,2 
HONEY BUN,2 
HUCKLEBERRY,2 
HUDSON,2 
HUGHIE,2 
HUNNY,2 
IGGY,2 
INARA,2 
INDIGO,2 
IRA,2 
IROH,2 
IRVING,2 
ISAAC,2 
ISABEL,2 
ISOLDE,2 
IVAN,2 
IZZIE,2 
JAC,2 
JACQUES,2 
JAGER,2 
JAKEY,2 
JAMI,2 
JASON,2 
JC,2 
JEDI,2 
JEREMIAH,2 
JERICHO,2 
JIM,2 
JIUJIU,2 
JOE,2 
JOHN,2 
JONES,2 
JOYCE,2 
JULIAN,2 
JULIANA,2 
JUNEBUG,2 
JYNX,2 
KAIYA,2 
KASPER,2 
KATI,2 
KATRINA,2 
KATTY,2 
KATYA,2 
KAYLA,2 
KAYLEIGH,2 
KELLY,2 
KENNEDY,2 
KERA,2 
KESHA,2 
KHALUA,2 
KHLOE,2 
KIA,2 
KING TUT,2 
KIPPER,2 
KISA,2 
KISS,2 
KISSES,2 
KITEN,2 
KITTEN 2,2 
KITTY CAT,2 
KITTY KITTY,2 
KNIGHT,2 
KODA,2 
KODAK,2 
KOKITO,2 
KORA,2 
KOVU,2 
KRYSTAL,2 
KUMI,2 
KUZIA,2 
KUZYA,2 
KYLO,2 
KYRA,2 
LACY,2 
LADYBUG,2 
LAILA,2 
LANDO,2 
LARISSA,2 
LASAGNA,2 
LAVENDER,2 
LEE,2 
LEMMY,2 
LEMON,2 
LENA,2 
LEONIDAS,2 
LEOPOLD,2 
LESTAT,2 
LEVIATHAN,2 
LEX,2 
LEXY,2 
LIGHTENING,2 
LILAC,2 
LILAH,2 
LILI,2 
LILIBET,2 
LILLI,2 
LINCOLN,2 
LINDA,2 
LINGUINI,2 
LITTLE GIRL,2 
LITTLE GUY,2 
LITTLE MAN,2 
LITTLE MISS,2 
LITTLE ONE,2 
LIZZY,2 
LLOYD,2 
LOKUM,2 
LORENZO,2 
LOU,2 
LOVELY,2 
LUA,2 
LUCAS,2 
LUMI,2 
LUNAR,2 
LYDIA,2 
MA,2 
MABLE,2 
MACAROON,2 
MACCHIATO,2 
MACHI,2 
MADDY,2 
MAEBY,2 
MAGGIEEBONY,2 
MAGNUM,2 
MAGNUS,2 
MAISEY,2 
MAKO,2 
MAMA CAT,2 
MANYA,2 
MARGE,2 
MARGOT,2 
MARIE FURRY,2 
MARIGOLD,2 
MARIMO,2 
MARLIE,2 
MARLOW,2 
MARSHMELLOW,2 
MARV,2 
MARY JANE,2 
MASIE,2 
MATEO,2 
MATISSE,2 
MATRIX,2 
MATTEO,2 
MAVERICK,2 
MCLOVIN,2 
MEADOW,2 
MEEPERS,2 
MEIKO,2 
MENDEL,2 
MERLYN,2 
MICHAELANGEL,2 
MICHEAL,2 
MICKY,2 
MINERVA,2 
MING,2 
MINIA,2 
MINNI,2 
MINO,2 
MINUIT,2 
MISCHI,2 
MISHU,2 
MISIA,2 
MISS KITTY,2 
MITSOU,2 
MITZ,2 
MIU MIU,2 
MIZ,2 
MJ/MIDNIGHT,2 
MOGWAI,2 
MOKA,2 
MOMMA MATILD,2 
MOMMY,2 
MONA LISA,2 
MONSTER,2 
MOOCHI,2 
MOONIE,2 
MORA,2 
MORTICIA,2 
MOUSSE,2 
MOUSSELINE,2 
MOUSTACHE,2 
MOXIE,2 
MOZART,2 
MR JONES,2 
MUFASA,2 
MUI MUI,2 
MUKI,2 
MUMMY,2 
MURA,2 
MURPH,2 
MURRAY,2 
MUSHROOM,2 
MYRA,2 
MYSTERY,2 
MYSTIQUE,2 
NANCY,2 
NARA,2 
NAYA,2 
NERO,2 
NESSIE,2 
NEVE,2 
NIA,2 
NIBBLES,2 
NICHOLAS,2 
NICKY,2 
NICOLE,2 
NIKE,2 
NIKI,2 
NIKITA,2 
NO NAME CAT,2 
NOIRE,2 
NONO,2 
NOODLES,2 
NOOKIE,2 
NOSEY,2 
NOVEMBER,2 
NUAGE,2 
NUTELLA,2 
NYLA,2 
OAK,2 
OAKLEY,2 
OATMEAL,2 
O'MALLEY,2 
ONXY,2 
ORI,2 
OTHELLO,2 
OYSTER,2 
OZ,2 
PABLO,2 
PANGPANG,2 
PANSY,2 
PANTERA,2 
PATCHY,2 
PAVLOV,2 
PAWS,2 
PC,2 
PEE WEE,2 
PEPPERCORN,2 
PEPSI,2 
PERCIVAL,2 
PERLI,2 
PETRA,2 
PEYTON,2 
PHILIP,2 
PHILLY,2 
PIERRE,2 
PIERREELMO,2 
PINEAPPLE,2 
PINK,2 
PINKY JUNIOR,2 
PINTO,2 
PISTOL,2 
PLUM SAUCE,2 
POBLANO,2 
POE,2 
POGO,2 
POOH,2 
POOKIE,2 
POPTART,2 
PORTER,2 
POUNCE,2 
PRADA,2 
PRANCER,2 
PRICILLA,2 
PRINCE CHARM,2 
PRINCESSA,2 
PRINCESSLEIA,2 
PROFESSOR PL,2 
PUDDLES,2 
PUNKIN,2 
PURR,2 
PURRL,2 
PURRY,2 
PUSHEEN,2 
PUSS PUSS,2 
PUTSEY,2 
PYE,2 
QUESO,2 
QUILL,2 
RACHEL,2 
RAINBOW,2 
RAJA,2 
RAMSEY,2 
RANA,2 
RANDALL,2 
RANI,2 
RAPTOR,2 
RAY,2 
REBEL,2 
REED,2 
REN,2 
REUBEN,2 
REY,2 
REYNA,2 
RIN,2 
RITCHIE,2 
RJ,2 
ROBERT,2 
ROBERTO,2 
ROCHELLE,2 
RODGER,2 
ROMI,2 
ROMY,2 
RON,2 
ROO,2 
ROSEY,2 
ROSITA,2 
ROXI,2 
ROYAL,2 
RUBIO,2 
RUTHIE,2 
RYU,2 
SABLE,2 
SAFFRON,2 
SAGA,2 
SAGWA,2 
SAHARA,2 
SALSA,2 
SAMBUCA,2 
SAMI,2 
SAN CAMILLUS,2 
SANTA,2 
SARAFINA,2 
SARGE,2 
SASQUATCH,2 
SCAMPER,2 
SCAREDY,2 
SCOTTY,2 
SCRATCHY,2 
SCULLY,2 
SERAFINA,2 
SERGIO,2 
SEVEN,2 
SEVERUS,2 
SHAKESPEARE,2 
SHAKIRA,2 
SHAMROCK,2 
SHANE,2 
SHARK,2 
SHARKIE,2 
SHAYLA,2 
SHEENA,2 
SHELDON,2 
SHELLY,2 
SHILOU,2 
SHIRO,2 
SHIVA,2 
SHUSHA,2 
SHY,2 
SISI,2 
SISSY,2 
SKIPPY,2 
SKOOMA,2 
SMOOSH,2 
SNAKES,2 
SNARF,2 
SNOW WHITE,2 
SNOWIE,2 
SOBA,2 
SOFIA,2 
SOJU,2 
SOLAR,2 
SOLEIL,2 
SOLLY,2 
SOLOMON,2 
SONNY,2 
SONY,2 
SOTCHI,2 
SOUFFLE,2 
SOVA,2 
SPANKY,2 
SPARK,2 
SPARTA,2 
SPAZZ,2 
SPECKLES,2 
SPEEDY,2 
SPIDER,2 
SPIFFY,2 
SQUEAKER,2 
SQUIRREL,2 
SQUIRT,2 
SQUISH,2 
STACY,2 
STRIDER,2 
STRIPEY,2 
STRUMMER,2 
SULLEY,2 
SUMI,2 
SUMO,2 
SURI,2 
SUSU,2 
SUZIE Q,2 
SVEN,2 
SWEETIE PIE,2 
SYBIL,2 
SYD,2 
T.J.,2 
TALI,2 
TALLY,2 
TANGY,2 
TANYA,2 
TARO,2 
TAROT,2 
TATER,2 
TATIANA,2 
TAWNY,2 
TAYA,2 
TEENY,2 
TELLY,2 
TEQUILLA,2 
TESS,2 
THELMA,2 
THEODORA,2 
TIFFANY,2 
TIFFY,2 
TIG,2 
TIGERLILY,2 
TIGG,2 
TIGGS,2 
TIGRE,2 
TIGROU,2 
TIKA,2 
TILLIE,2 
TIMBER,2 
TIMO,2 
TINK,2 
TINTIN,2 
TIPPI,2 
TIPSY,2 
TODDY,2 
TOKYO,2 
TOMAS,2 
TOMMIE,2 
TONI,2 
TOOPY,2 
TOOTHLESS,2 
TOPH,2 
TORTELLINI,2 
TOSHI,2 
TREACLE,2 
TRINITY,2 
TRUFFLE,2 
TSUKI,2 
TUESDAY,2 
TUNDRA,2 
TURBO,2 
TURTLE,2 
TUTU,2 
TUXY,2 
TWIG,2 
TWIGGY,2 
TWINKLE TOES,2 
TWIZZLER,2 
TY,2 
TYGER,2 
TYRA,2 
TYRION,2 
UNKNOWN,2 
URSULA,2 
VANTA,2 
VENA,2 
VERMILLION,2 
VERONICA,2 
VESTA,2 
VICKY,2 
VICTOR,2 
VINCENT,2 
VIOLA,2 
VITO,2 
VIVIAN,2 
VIVIENNE,2 
VODKA,2 
WAFFLES,2 
WALLACE,2 
WARRIOR,2 
WASABI,2 
WAYLON,2 
WEASLEY,2 
WERTHERS,2 
WESLEY,2 
WHISKY,2 
WHITE CAT,2 
WHITNEY,2 
WIGGLES,2 
WILBUR,2 
WILL,2 
WILLIE,2 
WILMA,2 
WINCHESTER,2 
WINDY,2 
WINIFRED,2 
WINKY,2 
WOLF,2 
WONDER,2 
WREN,2 
XANDER,2 
XIA,2 
YAPPY,2 
YONDU,2 
ZAC,2 
ZACK,2 
ZANE,2 
ZEPPELIN,2 
ZIP,2 
ZIPPER,2 
ZIVA,2 
ZORA,2 
"""ABBY"" ABIGA",1 
007,1 
2ND CAT,1 
4LOKO,1 
AADENA,1 
AANG,1 
AARON,1 
ABBADON,1 
ABBIE,1 
ABE,1 
ABEY,1 
ABIGAYLE,1 
ABRAHAM,1 
ABU,1 
ABY,1 
ABYGAELLE,1 
ACORN,1 
ACROBAT,1 
ACTION,1 
ADELLE,1 
ADIE,1 
ADRIA,1 
ADU,1 
ADZE,1 
AERO,1 
AFRICA,1 
AGADIR,1 
AGNES,1 
AGRIPINNE,1 
AHGHA,1 
AHRY,1 
AIDEN,1 
AIMEE(INKA),1 
AIRA,1 
AIRY,1 
AJ,1 
AJA,1 
AJAX,1 
AKRON,1 
AKTAR,1 
AL,1 
ALADDIN,1 
ALAMO,1 
ALAN,1 
ALANACAMMY,1 
ALASTAIR,1 
ALBANY,1 
ALBERT BLUES,1 
ALBERTO,1 
ALBIE,1 
ALCI,1 
ALECRIM,1 
ALESHANEE,1 
ALESSANDRO,1 
ALEXANDER,1 
ALEXANDRIA,1 
ALEXEI,1 
ALEXI,1 
ALEXIS,1 
ALF,1 
ALFA,1 
ALFI,1 
ALICIA,1 
ALIENE94529,1 
ALISA,1 
ALISSIA,1 
ALIX,1 
ALLEGRA,1 
ALLEY CAT,1 
ALLISON,1 
ALLOAMY,1 
ALLYKINS,1 
ALMONDINE,1 
ALONA,1 
ALONZO,1 
ALORIA,1 
ALOY,1 
ALPHA,1 
ALPHONSE,1 
ALPHONSO,1 
ALTAMIRA,1 
ALVES,1 
ALVINCALVIN,1 
AMADEUS,1 
AMADIO,1 
AMALIE,1 
AMANDE,1 
AMARETTO,1 
AMARONE,1 
AMBA,1 
AMBERHICKORY,1 
AMBERLEA,1 
AMEILA,1 
AMELIA TAILH,1 
AMI,1 
AMIGO,1 
AMINA,1 
AMIR,1 
AMMO,1 
AMORA,1 
AMORE,1 
AMUN,1 
AN AN,1 
ANABEL,1 
ANABELLA,1 
ANABELO,1 
ANAYA,1 
ANDREW CAT,1 
ANEMONE,1 
ANESTHESIOLO,1 
ANG,1 
ANGEL LUNA,1 
ANGELA,1 
ANGELICA,1 
ANGHEL,1 
ANGIE #1,1 
ANGIE #2,1 
ANGORA,1 
ANI,1 
ANITIC,1 
ANNA BANANNA,1 
ANNA BELLE,1 
ANNABELLEM,1 
ANNASTASIA,1 
ANNE,1 
ANNIE BANANI,1 
ANNIKA,1 
ANOSHKA,1 
ANOUK(EE),1 
ANSELMO,1 
ANTAR,1 
ANTOINE,1 
ANTONIETTA,1 
ANTONIN,1 
ANTONIO,1 
ANUVUS,1 
APHRODITE,1 
APPLES,1 
APPLESEED,1 
APU,1 
AQUA,1 
ARABELLA,1 
ARAGORN,1 
ARBALA,1 
ARCEUS,1 
ARCHII,1 
ARCHIMEDES,1 
ARCK,1 
ARGO,1 
ARIADNE,1 
ARIAL,1 
ARIANA,1 
ARISSA,1 
ARISTO,1 
ARITZIA,1 
ARIYAL,1 
ARLA,1 
ARNIE,1 
ARTAX,1 
ARTHURIO,1 
ARTI,1 
ARTIC,1 
ARWEN,1 
ARWEN SIKU,1 
ARWIN,1 
ASAL,1 
ASHANTI,1 
ASHES,1 
ASHLENE,1 
ASHLEY OLSON,1 
ASPHALT,1 
ASRA,1 
ASTLEY,1 
ASTRA,1 
ASYA,1 
ATHENAS,1 
ATISH,1 
ATOM,1 
ATOS,1 
ATREYU,1 
ATT,1 
ATZA,1 
AU LAIT,1 
AUDAX,1 
AUGUSTA,1 
AUGUSTINE,1 
AUGUSTO,1 
AUGUSTUS G,1 
AURELIA,1 
AUSTON,1 
AVALANCHE,1 
AVI,1 
AVI SILVER,1 
AVIVA,1 
AVOCADO,1 
AWOO,1 
AXEL,1 
AXLE,1 
AYA,1 
AYLA,1 
AYOL,1 
AYU,1 
AZORE,1 
AZRAEL,1 
AZREAL,1 
AZRIAL,1 
AZULA,1 
AZURA,1 
AZZURRI,1 
B.B.,1 
BA BA,1 
BA'AL ZEBUB,1 
BABA,1 
BABADOOK,1 
BABBER,1 
BABETTE,1 
BABIES,1 
BABOO,1 
BABOU,1 
BABU,1 
BABY GEE,1 
BABY GIRL,1 
BABY GREY,1 
BABY LU,1 
BABY NELSON,1 
BABY PRINCES,1 
BABY TIFF,1 
BABY YODA,1 
BABYDOLL,1 
BABYFACECAKE,1 
BABYGIRL,1 
BACALL,1 
BACI,1 
BACON,1 
BAFFY,1 
BAGHEEERA,1 
BAGHERA,1 
BAGUETTE,1 
BAIBAN,1 
BAKERLOO,1 
BAL,1 
BALIA,1 
BALL BALL,1 
BALLA DECLAW,1 
BALLERINA,1 
BALOU,1 
BALTAZAR,1 
BAM BAM,1 
BAMBAM,1 
BAM-BAM,1 
BAMBINO,1 
BAN,1 
BANANAS,1 
BANDIDO,1 
BANDIT GEROG,1 
BANDY,1 
BANGER,1 
BANNER,1 
BANU,1 
BAO,1 
BARBALO,1 
BARBER,1 
BARBRA,1 
BARCELONA,1 
BARCLAY,1 
BARGER,1 
BARNES,1 
BARTHOLEMEW,1 
BARTHOLOMEW,1 
BARTJE,1 
BARTLEBY,1 
BARTLEY,1 
BARTS,1 
BARYS,1 
BASAL,1 
BASHII,1 
BASIK,1 
BASILE,1 
BASLERVILLE,1 
BASTIAN,1 
BASTION,1 
BASYONI,1 
BATA,1 
BATEAU,1 
BATGIRL,1 
BATON ROUGE,1 
BAXTER-TAYLO,1 
BAY,1 
BAYLEY,1 
BAYMAX,1 
BAZZLE,1 
BBBORIS,1 
BC,1 
BEACON,1 
BEAKER,1 
BEANABEAN,1 
BEARCAT,1 
BEARY,1 
BEASTIE,1 
"BEATRICE ""B""",1 
BEAU NOIR,1 
BEAUBEAU,1 
BEAUIE,1 
BEAU-TIE,1 
BEBA MAMA,1 
BEBOP,1 
BECCA,1 
BECK,1 
BECKA,1 
BECKS,1 
BEDFORD,1 
BEE,1 
BEEBO,1 
BEEF LEO,1 
BEEFSTEAK,1 
BEEMSTER,1 
BEENZ,1 
BEKA,1 
BEL,1 
BEL HOMME,1 
BEL-HOMME,1 
BELINDO,1 
BELLA MACARO,1 
BELLA MAE,1 
BELLA OF WOO,1 
BELLA TRIX,1 
BELLA ZIVA,1 
BELLATRIX,1 
BELLE CHERIE,1 
BELLEMATISSE,1 
BELLS,1 
BELLY,1 
BELVEDERE,1 
BEN PURR,1 
BENCE,1 
BENDELACREME,1 
BENITO DIAZ,1 
BENNY ETHEL,1 
BENO,1 
BENTLY,1 
BENTO,1 
BENTON,1 
BENZY,1 
BEORN,1 
BEPPE,1 
BERCI,1 
BERET,1 
BERETTA,1 
BERGAMOT,1 
BERLIN,1 
BERLIO(Z),1 
BERLIOZ,1 
BERMUDA,1 
BERNARDO,1 
BERNI,1 
BERNIE MAC,1 
BERNINGER,1 
BERTHA,1 
BESSIE,1 
BETA,1 
BETTY BOO,1 
BETTY BOOP,1 
BETTY GEORGE,1 
BETTY JUNE,1 
BETTYDABUN,1 
BEULAH,1 
BEXLEY,1 
BEYONCE,1 
BHAGEERA,1 
BIBITTE,1 
BICKLES,1 
BIDULE,1 
BIG BEAR,1 
BIG BUSTER,1 
BIG EARS,1 
BIG GREY,1 
BIG GUY,1 
BIG KITTY,1 
BIG MAC,1 
BIG MAN,1 
BIG RED,1 
BIGBOY,1 
BIGGIE SMALL,1 
BIGSBY,1 
BIJOUX,1 
BILL,1 
BILL BAILEY,1 
BILLEE,1 
BILLO,1 
BILLY BOY,1 
BILLY JOEL,1 
BILLY-BOB,1 
BIMINI,1 
BINA,1 
BINAH,1 
BINDEE,1 
BINDY,1 
BING,1 
BINGCHILLING,1 
BINKLEE,1 
BINKY,1 
BINOU,1 
BIRDIE,1 
BIRDY,1 
BIRIDIE,1 
BISCOTTI,1 
BISHOP,1 
BISKY,1 
BISOUS,1 
BISOUX,1 
BISQUE,1 
BITA,1 
BITER,1 
BITS,1 
BITSIE,1 
BITTY,1 
BITZ,1 
BIX,1 
BIXLEY,1 
BIYLIE,1 
BIZHIW (BEE-,1 
BIZOU,1 
BIZULE,1 
BIZZ,1 
BIZZY,1 
BJ,1 
BLAC KAT,1 
BLACK ANGEL,1 
BLACK BEAUTY,1 
BLACK CANARY,1 
BLACK FACE,1 
BLACK JACK,1 
BLACK JR,1 
BLACK LICORI,1 
BLACK PEPPER,1 
BLACK SCRATC,1 
BLACKBEARD,1 
BLACKJACK,1 
BLACKSIE,1 
BLACKSTAR,1 
BLACKVELVET,1 
BLANCA,1 
BLANCHE DUBO,1 
BLANC-NEIGE,1 
BLANCO,1 
BLASTBEAT,1 
BLAZER,1 
BLESSING,1 
BLING,1 
BLINKY,1 
BLONDIE JR,1 
BLONDSY,1 
BLOOM,1 
BLUEBELLE,1 
BLUEBOY,1 
BLUENOSE,1 
BLUEY,1 
BNT,1 
BO PEEP,1 
BOA,1 
BOB CRATCHIT,1 
BOB VIII,1 
BOB WHISKEY,1 
BOBBI,1 
BOBBLE,1 
BOBBLEHEAD,1 
BOBBY BRADY,1 
BOBEK,1 
BOBERT,1 
BOBI,1 
BOBITZA,1 
BOBOSAWY,1 
BOGEY,1 
BOHEME,1 
BOLECORE(BOB,1 
BOLLE,1 
BOLT CLAVEL,1 
BOMCHUK,1 
BOND,1 
BOND (JAMES,1 
BONGO,1 
BONIFACIO,1 
BONITA,1 
BONKERS,1 
BONNIE JUNE,1 
BONNY,1 
BONO,1 
BONSAI,1 
BONZAI,1 
BOO BOO BEAR,1 
BOO-BOO,1 
BOOG,1 
BOOGIE SINGH,1 
BOOGLES,1 
BOOGS,1 
BOOH,1 
BOOMERANG,1 
BOOMI,1 
BOONDI,1 
BOONIE,1 
BOOPER,1 
BOOTIE,1 
BOOTLEG,1 
BOOTY BOOTS,1 
BOOTZ,1 
BOREALE,1 
BOSLEY,1 
BOUBA,1 
BOUBOU,1 
BOUDI,1 
BOUGI,1 
BOULETTE,1 
BOUNTY BAR,1 
BOWER,1 
BOWSER,1 
BOY,1 
BRABO,1 
BRAD,1 
BRADLEY,1 
BRADY,1 
BRAKEJOB,1 
BRANCA,1 
BRANCH,1 
BRATTY,1 
BREA,1 
BREAKFAST,1 
BREDLEY,1 
BRENDA,1 
BRENDAN,1 
BRENDEN,1 
BRENNAN,1 
BREWER,1 
BREWSKI,1 
BRICKIE,1 
BRIDGETTE,1 
BRIDGY,1 
BRIGITTE,1 
BRILLO,1 
BRIMLEY,1 
BRIMLEY DECL,1 
BRINA,1 
BRINKLEY,1 
BRIOCHE,1 
BRITISH COL,1 
BRODIE,1 
BRONN,1 
BRONSON,1 
BRONTE,1 
BRONX,1 
BROWN,1 
BROWNY,1 
BRUCE WILLIS,1 
BRULEE,1 
BRUNHILDE,1 
B-SIDE,1 
BU,1 
BUBBAS,1 
BUBBI,1 
BUBBS,1 
BUBS,1 
BUBU,1 
BUCI,1 
BUCKET,1 
BUCKLEY,1 
BUD (BLUE EA,1 
BUDDY BOY,1 
BUDHA,1 
BUDING QIAN,1 
BUDZ,1 
BUFFALO BILL,1 
BUFFY MALIK,1 
BUFORD,1 
BUGALUGS,1 
BUGZ,1 
BUKA,1 
BUKO,1 
BULL,1 
BULLET,1 
BUMBLE,1 
BUMBLEBEE,1 
BUMBLES,1 
BUN,1 
BUNGIE,1 
BUNNIE,1 
BUNNY SUE,1 
BUNNY TUESDA,1 
BUNSLEY,1 
BURCH,1 
BURGER,1 
BUSH,1 
BUSINKA,1 
BUSTER BOOTS,1 
BUSTER BROWN,1 
BUSTY,1 
BUSY,1 
BUTTER CUP,1 
BUTTER PECAN,1 
BUTTERBEAN,1 
BUTTERFLY,1 
BUTTERS BOY,1 
BW,1 
BYTES,1 
C.A.T. (CEE-,1 
C.C.,1 
CACAHUETE,1 
CACHAFAZ,1 
CACHITO,1 
CACHOU,1 
CACTUS,1 
CADDY,1 
CADE,1 
CADEAU,1 
CADENCE,1 
CAESONIA,1 
CAIUS,1 
CAL,1 
CALA,1 
CALDER,1 
CALIBAN,1 
CALIE,1 
CALIFORNIA,1 
CALIN,1 
CALLA LILY,1 
CALLISTA,1 
CALLYPSO,1 
CALYSTA,1 
CAMBRIDGE,1 
CAMELIA,1 
CAMELO,1 
CAMEO,1 
CAMERON,1 
CAMILLA,1 
CAMO,1 
CANDACE,1 
CANDELARIA,1 
CANDI,1 
CANDICE,1 
CANDU,1 
CANDYMAN,1 
CANELLE,1 
CANICA,1 
CANNA,1 
CANO,1 
CANOE,1 
CAP REYNOLDS,1 
CAPO,1 
CAPPUCINO,1 
CAPRICE,1 
CAPRIKA,1 
CAPTAIN CHAO,1 
CAPTAIN JACK,1 
CAPTAIN ROSS,1 
CAPUCCINA,1 
CARACAS,1 
CARAMELA,1 
CARAT,1 
CARBON,1 
CARBURETOR,1 
CARDAMOM,1 
CARE BEAR,1 
CARI,1 
CARIO,1 
CARITA,1 
CARITO,1 
CARLETON,1 
CARLITOS,1 
CARMEN WINST,1 
CARNIVAL,1 
CARNIVALLE,1 
CAROLINE,1 
CARROTS,1 
CARTNEY,1 
CARTOLA,1 
CARY,1 
CARY'S,1 
CASANOVA,1 
CASCADE,1 
CASHMERA,1 
CASHMERE,1 
CASILDA,1 
CASINO,1 
CASPIAN,1 
CASPIANESQ,1 
CASSADY,1 
CASSANDRA,1 
CASSIA,1 
CASSIOPIA,1 
CASSIS,1 
CASSY,1 
CASTASPELLA,1 
CASTIEL,1 
CAT #2,1 
CAT 1,1 
CAT 2,1 
CAT 5,1 
CAT CAT,1 
CAT STEVENS,1 
CATALINA,1 
CATCH,1 
CATERINE JOH,1 
CATHY,1 
CATOO,1 
CATSBY,1 
CATSU,1 
CATULA,1 
CAVANAUGH,1 
CAYENNE,1 
CEAMUS,1 
CECI,1 
CECIL PAX,1 
CECILY,1 
CECLIA,1 
CEDARWOOD,1 
CEDO,1 
CEECEE,1 
CELIA,1 
CELINE,1 
CELLINO,1 
CERBY,1 
CEREAL,1 
CERES,1 
CHABELA,1 
CHACAO,1 
CHACHA,1 
CHACHEE,1 
CHACHKI,1 
CHACOLINA,1 
CHAD,1 
CHALKIE,1 
CHALUPA,1 
CHAMPI,1 
CHANDRA,1 
CHANELLE,1 
CHANLEY,1 
CHANNEL,1 
CHANNING,1 
CHANTEL,1 
CHANTILLY,1 
CHAPMAN,1 
CHAPPIE,1 
CHAPPY,1 
CHARDONNAY,1 
CHARISSE,1 
CHARLEMANE,1 
CHARLI,1 
CHARLIE #1,1 
CHARLIE (CHI,1 
CHARLIE BROW,1 
CHARLIE CHAP,1 
CHARLIE FION,1 
CHARLIE TUNA,1 
CHARLIEBE,1 
CHARLY,1 
CHATOUILLE,1 
CHAUNCEY BEA,1 
CHAV,1 
CHECKER,1 
CHECKY,1 
CHEDDAR BOB,1 
CHEECH,1 
CHEENO,1 
CHEERIO,1 
CHEERIOS,1 
CHEESEBALL,1 
CHEETA,1 
CHEETAH 2,1 
CHEETOH,1 
CHEETOS,1 
CHEETUS,1 
CHEEZE,1 
CHELIOS,1 
CHELSEY,1 
CHENERY,1 
CHERI,1 
CHEROKEE,1 
CHERYL,1 
CHEVELLE,1 
CHEWBACCA,1 
CHI,1 
CHIBS,1 
CHICAGO,1 
CHICHO,1 
CHICK PEA,1 
CHICKEN,1 
CHICKPEA,1 
CHICLET,1 
CHIDERA,1 
CHIEF,1 
CHIGGY,1 
CHIIWE,1 
CHIKI,1 
CHIKI PEKI,1 
CHIKKO,1 
CHILLY,1 
CHIMEC,1 
CHIMO,1 
CHIMUELO,1 
CHINA,1 
CHINTU,1 
CHIPMUNK,1 
CHIPPOLTE,1 
CHIPPY,1 
CHIQUITO,1 
CHITO,1 
CHLEO,1 
CHOA,1 
CHOBE,1 
CHOCOCAT,1 
CHOGAN,1 
CHOLEM,1 
CHOMCHOM,1 
CHOMPER,1 
CHONG,1 
CHONK,1 
CHOO CHOO,1 
CHOOTU,1 
CHOPPER,1 
CHOUCHOU,1 
CHOUQUTTE,1 
CHOUX,1 
CHOW CHOW,1 
CHRISSIE,1 
CHRISTA,1 
CHRISTINE,1 
CHRISTMAS,1 
CHRISTY BRIN,1 
CHUB CHUB,1 
CHUBACA,1 
CHUBBS (GORD,1 
CHUBSTER,1 
CHUCK JR.,1 
CHUCKIE,1 
CHUCKY,1 
CHUDLEY,1 
CHULA,1 
CHUM CHUM,1 
CHUNGMOYIM,1 
CHUNGUS,1 
CHUNKYBUTT,1 
CHUPA CHUP,1 
CHURCH,1 
CHURU,1 
CHYNNA,1 
CIABATTA,1 
CIAO RIO,1 
CIBOULETTE,1 
CICA,1 
CICERO,1 
CICERON,1 
CICUKA,1 
CIDER,1 
CILI,1 
CIMBA,1 
CINDERPAW,1 
CINDERS,1 
CINNABON,1 
CINNDER,1 
CINZA,1 
CIPHER,1 
CIRCLE,1 
CIRRUS,1 
CISCO,1 
CIVIC,1 
CLACKER,1 
CLAMATO,1 
CLARA BELLE,1 
CLARE,1 
CLARICE,1 
CLAUDE,1 
CLAUDIA,1 
CLAUDIUS,1 
CLAWDIA,1 
CLAWDIO,1 
CLAWLESS,1 
CLAYTON,1 
CLEA,1 
CLEM,1 
CLEMENTE,1 
CLICKITY,1 
CLINTON,1 
CLIVE,1 
CLOCHETTE,1 
CLOPPER,1 
CLOUDS,1 
CLUBBY,1 
COB,1 
COBY HOOK,1 
COCA,1 
COCO CHANEL,1 
COCO CHANNEL,1 
COCO CREAM,1 
COCO DECLAW,1 
COCOANUT,1 
COCOPUFF,1 
CODA,1 
CODY O'NEILL,1 
COFFEE,1 
COFFEE BEAN,1 
COIN,1 
COL MUSTARD,1 
COLADA,1 
COLBORNE,1 
COLLETTE,1 
COLLINS,1 
COLOMBUS,1 
COLOREE,1 
COLTEN,1 
COMA,1 
CONAN,1 
CONCETTA,1 
CONGEE,1 
CONNOR,1 
CONRAD,1 
COODEMAY,1 
COOKIES,1 
COOKOIE,1 
COOKY,1 
COQUETTE,1 
CORABELLE,1 
CORAZON,1 
CORBY,1 
CORINA,1 
CORNELIUS,1 
CORNFLOWER,1 
COROLINE,1 
CORVI,1 
COSETTE,1 
COUGAR,1 
COUNT CHEETO,1 
COUNTESS MEA,1 
COURT,1 
COUSIN IT,1 
COUTO,1 
COVEN,1 
COVI,1 
COWCOW,1 
COWGIRL,1 
COWLICK,1 
COYOTE,1 
COZIOU,1 
COZY,1 
CP JIJI,1 
CPT SUNSHINE,1 
CRACKER JACK,1 
CRACKERJACK,1 
CRANE,1 
CRANK,1 
CRASH,1 
CREAM,1 
CREAM PUFF,1 
CREAMY,1 
CREMA,1 
CRENGER,1 
CRESSY,1 
CREVETTE,1 
CRICKETTE,1 
CRITTER,1 
CRONOS,1 
CROOKSHANK,1 
CROQUETTE,1 
CROWLEY,1 
CRUMB,1 
CUBBY CALEY,1 
CUCA MEL,1 
CULDESAC,1 
CULPRIT,1 
CUP CAKE,1 
CUPCAKE CALL,1 
CUPCAKE JONE,1 
CUPID VALENT,1 
CURAZAO,1 
CURIOSITY,1 
CURTIS,1 
CUTIE CAT,1 
CYBELLE,1 
CYCLONE,1 
CYNDER,1 
CYNDI,1 
CYPRESS,1 
CYPRUS,1 
D.C.,1 
DAANGO,1 
DABDOOB,1 
DAFFODIL,1 
DAGGER,1 
DAHAI,1 
DAI DAI,1 
DAIZY,1 
DAKOTA,1 
DALICE,1 
DALLINGTON,1 
DALYS,1 
DAMON,1 
DANA SCULLY,1 
DANCER,1 
DANDELION,1 
DANDRUFF,1 
DANDYLION,1 
DANFORTH,1 
DANGO,1 
DANIEL,1 
DANNY ZUKO,1 
DANOLLI,1 
DANU,1 
DANY,1 
DAOR,1 
DARA,1 
DARBY,1 
DARCEY,1 
DARJEELING,1 
DARK,1 
DARKEN,1 
DARKIE,1 
DARLING,1 
DARMA,1 
DARON,1 
DARRELL,1 
DARTANIAN,1 
DASHA,1 
DASHIE,1 
DAVIDSON,1 
DAWKINS,1 
DAWSON,1 
DEACON,1 
DEAN,1 
DEAN WINCHES,1 
DEANA,1 
DEARBOY,1 
DECLAN,1 
DECLAWED!,1 
DEE Q,1 
DEENI,1 
DEGAS,1 
DEISEL,1 
DELI,1 
DELIA,1 
DELIAH,1 
DELILA,1 
DELILAH BLUE,1 
DELORES,1 
DELVY,1 
DEMAR,1 
DEMBE,1 
DEMEE,1 
DEMELZA,1 
DEMON,1 
DENALI,1 
DENGDENG,1 
DENIM,1 
DENNISEH,1 
DENTELLE,1 
DENVER,1 
DEPI,1 
DEREK,1 
DESDEMONA,1 
DESI,1 
DESMOND,1 
DETECTIVE,1 
DETECTVE HOP,1 
DHALIA,1 
DIAMOND (BAB,1 
DIANA(SPIRIT,1 
DIANE,1 
DIANNE,1 
DICK,1 
DIDIER,1 
DIGGY,1 
DIGIT,1 
DIGLETT,1 
DILBER,1 
DILLAN,1 
DILLIA,1 
DIMI RUSKIS,1 
DIMITRI,1 
DIMKA,1 
DIMPLE,1 
DINA,1 
DINGO,1 
DINI,1 
DINO,1 
DIO,1 
DIPPER,1 
DIPSY,1 
DIRK,1 
DISA,1 
DISHY,1 
DITTO,1 
DIVINE,1 
DIXON,1 
DJ PUDDY CAT,1 
DJANGO,1 
D'JANGO,1 
DK,1 
DOICE,1 
DOKTORNONAME,1 
DOLL DOLL,1 
DOLLIE,1 
DOLPHIN,1 
DOMENIC,1 
DON COTTON,1 
DON JOSE,1 
DONA,1 
DONATELLO,1 
DONG DONG,1 
DONNA,1 
DOODLE,1 
DOOGAL,1 
DOOKIE,1 
DOOLIE,1 
DOOLIN,1 
DOOLY,1 
DOOM,1 
DORA (DARK),1 
DORCAS GAZEL,1 
DORI,1 
DORITOS,1 
DOROTHEA,1 
DORREN,1 
DOS,1 
DOU DOU,1 
DOUBLE TROUB,1 
DOUGHNUT,1 
DOUGIE,1 
DOUGY,1 
DOZER,1 
DR EVIL,1 
DR FLUFFY R,1 
DR WATSON,1 
DR. JYKLL,1 
DRACULA,1 
DRAKE,1 
DRAX,1 
DREAM,1 
DUBLIN,1 
DUBS,1 
DUBU,1 
DUCK,1 
DUCKIE,1 
DUCKING,1 
DUKE DIEGO,1 
DULCE,1 
DULCIE,1 
DULCINEA,1 
DUNDY,1 
DUNYA,1 
DURAGA,1 
DUSIA,1 
DUSK,1 
DUSKY,1 
DUST,1 
DUTTON,1 
DYLAN PAGE,1 
EAMES,1 
EARNINGS,1 
EARTHQUAKE,1 
EASTON,1 
EB,1 
EBEN,1 
EBONNIE,1 
ECTOR,1 
ED,1 
EDGER,1 
EDISON,1 
EDVARD,1 
EDWINA,1 
EEYORE,1 
EGERIA,1 
EGG NOG,1 
EGON,1 
EIGHT,1 
EIGHTY 8,1 
EKKO,1 
ELAINE,1 
ELANOR,1 
ELARA,1 
ELECTRO,1 
ELEKTRA,1 
ELEVEN,1 
ELF,1 
ELFIE,1 
ELGIN,1 
ELI SHY,1 
ELIO,1 
ELIOT,1 
ELISE,1 
ELLI,1 
ELLIE-MAY,1 
ELLINGTON,1 
ELLISE,1 
ELMA,1 
ELMO,1 
ELMWOOD,1 
ELODIE,1 
ELWOOD P,1 
EM,1 
EMAN,1 
EMERSONCOSMO,1 
EMILIA,1 
EMMIT,1 
ENCHANTE,1 
ENDER,1 
ENNY,1 
ENSUENO,1 
ENYA,1 
ENYO,1 
EOBARD,1 
EPICUS,1 
EQUITY,1 
ERDA,1 
ERIC,1 
ERIO,1 
ERMA,1 
ERNEST,1 
ERROL,1 
ERSKINE,1 
ERTHA,1 
ESCANOR,1 
ESKIMO,1 
ESMA,1 
ESPER RAVEN,1 
ESPERANZA,1 
ESSIE,1 
ESTRELLA,1 
ESY,1 
ETHAN,1 
ETHYL,1 
ETTA,1 
EUGI,1 
EULER,1 
EVEE (SYLVES,1 
EVEL SHELIAH,1 
EVELYN,1 
EVEREST,1 
EVETTE,1 
EVIC,1 
EVITA,1 
EWAN,1 
EXCALIBUR,1 
EXTRA TOES,1 
EYORE,1 
FAE,1 
FAIRWAY,1 
FALBALA,1 
FANCII,1 
FANG,1 
FANTASHIA,1 
FARCIE,1 
FAREYE,1 
FARMER,1 
FAT CAT,1 
FAT TONY,1 
FATBALL,1 
FAUNA,1 
FAUSTO,1 
FAWKES,1 
FAY,1 
FAYE,1 
FEARNE,1 
FEATHERS,1 
FEBE,1 
FEDORA,1 
FEFE,1 
FEIJUCA,1 
FEIST,1 
FELDSPAR,1 
FELFEL,1 
FELICE,1 
FELICIO,1 
FELICITY,1 
FELIZ,1 
FELLA,1 
FEMINA,1 
FERB,1 
FERBIE,1 
FERRARI,1 
FERRIS,1 
FERRO,1 
FES,1 
FESTER,1 
FETA,1 
FETITA,1 
FETTY,1 
FEZ,1 
FIAMMA,1 
FIARI,1 
FIBONACCI,1 
FIELDER,1 
FIERCE,1 
FIEVEL,1 
FIGO,1 
FILFIL,1 
FILI,1 
FILIX,1 
FILLION,1 
FILOMENA,1 
FIN,1 
FINCH,1 
FINDLAY,1 
FINDLEY,1 
FINIGAN,1 
FINKLESTEIN,1 
FINLAY,1 
FINNEY,1 
FINNIGAN II,1 
FIONN,1 
FIREFLY,1 
FISH CAKE,1 
FISHER,1 
FISHY,1 
FITTY,1 
FIZBAN,1 
FIZZ,1 
FIZZGIG,1 
FLAKE,1 
FLAKY,1 
FLAME,1 
FLAMTAP,1 
FLAQUITO,1 
FLAX,1 
FLAXY,1 
FLEECY,1 
FLEUR,1 
FLEXY,1 
FLING,1 
FLIP,1 
FLIPSTER,1 
FLITZY,1 
FLOCOS,1 
FLOKY,1 
FLOMME,1 
FLOOFY,1 
FLOP,1 
FLOR,1 
FLORA NOELLE,1 
FLORIAN,1 
FLORIDA,1 
FLORIENT,1 
FLUFF DADDY,1 
FLUFFER,1 
FLUFFY TAIL,1 
FLUFFY2 MINA,1 
FLYNT,1 
FOFA,1 
FONMUL,1 
FOO FIGHTER,1 
FOOBOO,1 
FORBES,1 
FORELLE,1 
FOUND,1 
FOXTROT,1 
FOXX,1 
FOXXY,1 
FRAN,1 
FRANCESCO,1 
FRANCIE,1 
FRANCISCO,1 
FRANCO,1 
FRANIO,1 
FRANKIE ELLA,1 
FRANNY,1 
FRASIER,1 
FREAK SHOW,1 
FRECCIA,1 
FRECKLE,1 
FRED WEASLEY,1 
FREDA,1 
FREDERIC,1 
FREDERICO,1 
FREDERIKA,1 
FREDRICK,1 
FREE WILLY,1 
FREEDOM,1 
FREEWAY,1 
FREIJA,1 
FREJA,1 
FRENK,1 
FRETT,1 
FREUDER,1 
FREYR,1 
FRIDA KAHLO,1 
FRIDA ZAPPA,1 
FRIENDLY,1 
FRIES,1 
FRIMOUSSE,1 
FRISKIE,1 
FRITO,1 
FRITZJACK,1 
FRIZZLE,1 
FRODO,1 
FROGGY,1 
FROMAGE,1 
FUFI,1 
FUFU,1 
FUJI,1 
FUNG,1 
FURIOSA,1 
FURKAN,1 
FURRY,1 
FURRYBERRY,1 
FURY,1 
FUSCOUS,1 
FUZZ,1 
FUZZBALL,1 
FUZZY PEACH,1 
FYFE,1 
FYNN LEE,1 
G ROOT,1 
GABANNA,1 
GABBAR MAHI,1 
GABBY HAZE,1 
GABE,1 
GABI,1 
GABIE,1 
GABRIELLE,1 
GALACTUS,1 
GALAXY,1 
GALENA,1 
GALVIS,1 
GAMBINO,1 
GAMBIT,1 
GAMIN,1 
GAMINE,1 
GAMJA,1 
GAMORA,1 
GANDI,1 
GANDOLF,1 
GARCIA,1 
GARCON,1 
GARETH,1 
GARNET,1 
GARRETT,1 
GARTH,1 
GARYFRMADMIN,1 
GASTPY,1 
GATINA,1 
GATO BLANCO,1 
GATTUSO,1 
GAUDI,1 
GAVIN,1 
GAVRIEL,1 
GAZOO,1 
GEDDY,1 
GEISHA,1 
GEIST,1 
GELEIA,1 
GEMINI,1 
GENTLEMAN,1 
GEORDI L,1 
GEORDIE,1 
GEORGEMICHAE,1 
GEORGETTE,1 
GEORGIE COON,1 
GERALDINE,1 
GERDIE,1 
GERGELIM,1 
GEROME,1 
GERRARD,1 
GERSH,1 
GERSHWIN,1 
GERTIE,1 
GETHIN,1 
GEZABELLE,1 
GG,1 
GGM NIYA,1 
GGOMA,1 
GHOSTFACE,1 
GHOSTY,1 
GIBS,1 
GIBSON,1 
GIGGLES,1 
GILI,1 
GILLY,1 
GILMORE,1 
GILROY,1 
GINGEMAYA,1 
GINGER PANTS,1 
GINGEY,1 
GINGY MARMA,1 
GINJI,1 
GINSBURG,1 
GIO,1 
GIORGI,1 
GIORGIO,1 
GIRBAUD,1 
GIRLC AT,1 
GIRLFRIEND,1 
GIUSEPPE,1 
GIZA,1 
GIZMO SPIRAL,1 
GIZMOE,1 
GIZZIE BOO,1 
GLANVILL,1 
GLITTER,1 
GOGGLES,1 
GOLD,1 
GOLDILOCKS,1 
GOLDY,1 
GOLI,1 
GOMEZ,1 
GONG,1 
GONTA,1 
GONZALO,1 
GONZO,1 
GOOBIE,1 
GOOFBALL,1 
GOOGLES,1 
GOOGY,1 
GORDITA,1 
GORMAN,1 
GOSSETT,1 
GOUDA,1 
GRACEY,1 
GRAHAM,1 
GRAND-MERE,1 
GRANITE,1 
GRANPA,1 
GRANT,1 
GRAPE,1 
GRASS,1 
GRAVY,1 
GRAYCIE,1 
GRAYDON,1 
GRAY-GRAY,1 
GRAYSON,1 
GRECO,1 
GREENWICH,1 
GREGORIO,1 
GREGORY,1 
GRETA SUE,1 
GRETCHEN,1 
GREY GOOSE,1 
GREY GREY,1 
GREYCI,1 
GREYNALDO,1 
GREYSTOKE,1 
GRIDDLES,1 
GRIFFEN,1 
GRIFFY,1 
GRIPEN,1 
GRISELDA,1 
GRISETTE,1 
GROOVY,1 
GROVER,1 
GRUNTLE,1 
GRYFFIN,1 
GUACAMOLE,1 
GUAPA,1 
GUCHA,1 
GUIMAUVE,1 
GUINNESS,1 
GUIZMO,1 
GULLIVER,1 
GULU,1 
GUMBY,1 
GUMDROPS,1 
GUN GUN,1 
GUNDOOZ,1 
GUNDU,1 
GUNTER,1 
GUOZI,1 
GUSGUS,1 
GUSI,1 
GUSTO,1 
GUSTOV,1 
GUY (KAI),1 
GUZHAM,1 
GWENDOLYN,1 
GYMMIE,1 
GYOZA,1 
GYPSIE 2,1 
GYSMO,1 
HAGGIS,1 
HAIL,1 
HAIRY STYLES,1 
HAKU,1 
HALEY,1 
HALIMA,1 
HALLE,1 
HAMILTON,1 
HAMISH,1 
HAMLET,1 
HAMMIE,1 
HAMMY,1 
HAMPTON,1 
HAN,1 
HAN SOLO,1 
HANALILY,1 
HANARI,1 
HANI,1 
HANISH,1 
HANJO,1 
HAPPY JACK,1 
HARAWAY,1 
HARLEQUIN,1 
HARLOWE,1 
HARMON,1 
HARMONY,1 
HARRINGTON,1 
HARRY HUBALA,1 
HARVEY HARDC,1 
HASH BROWN,1 
HASTINGS,1 
HAVIA,1 
HAVIER,1 
HAVOC,1 
HAVYN,1 
HAWK,1 
HAWKEYE,1 
HAYDN,1 
HAYLA,1 
HAZE,1 
HAZY,1 
HEARTS,1 
HEATHCLIFFE,1 
HEAVY,1 
HEESIE,1 
HEINZ,1 
HELA,1 
HELENA,1 
HELICE,1 
HELIOS,1 
HELLOKITTY,1 
HELMUT,1 
HELVETICA,1 
HEMLOCK,1 
HENDRIX,1 
HENNEY,1 
HENRIETTA,1 
HENRY J,1 
HEO,1 
HEPATICA,1 
HERBERT,1 
HERBIE,1 
HERM,1 
HERMES,1 
HERMIONEFAN,1 
HERMONIE,1 
HERRIOT,1 
HERSCHELL,1 
HERSH,1 
HEX,1 
HEXLI,1 
HEY YU,1 
HI-5,1 
HIBI,1 
HIBRO,1 
HIDDLESTON,1 
HIDER,1 
HIDEY,1 
HIGGINS,1 
HILARY,1 
HIME,1 
HIPPO,1 
HIPPY,1 
HISSY FIT,1 
HO HO,1 
HOBBES (SIR,1 
HOBIE,1 
HOBO,1 
HOCUS POCUS,1 
HOD,1 
HOGAN,1 
HOJO,1 
HOLIO,1 
HOLLIE,1 
HOLMES,1 
HOLSTEIN,1 
HONDA,1 
HONEY BOOBOO,1 
HONEY TWIST,1 
HONEYBEE,1 
HONEYCOMB,1 
HONEYDEW,1 
HOOGIE,1 
HOOLI,1 
HOOP,1 
HOOPS,1 
HOPE DIAMOND,1 
HOPPER,1 
HORCHATA,1 
HORTENSE,1 
HORUS,1 
HOSHI,1 
HOTCHNER,1 
HOUSTON,1 
HUFFLEPUFF,1 
HUGGS,1 
HUGGY,1 
HUGHES,1 
HUHU,1 
HULK,1 
HUMBER,1 
HUMBUG,1 
HUNN,1 
HUNNY BUNNY,1 
HURKA,1 
HUSKY,1 
HUSSEY,1 
HUTCH,1 
HUXLEY,1 
HWE HWE,1 
HWEEZL,1 
HYACINTH,1 
HYLAS,1 
IAFA,1 
ICE CUBE,1 
ICHABOD,1 
ICO,1 
ICY,1 
IDA,1 
IDAHO,1 
IDGIE,1 
IGOR,1 
IMLI,1 
IMOGENE,1 
INARI,1 
INDI,1 
INDIRA,1 
INFINITY,1 
INIGO MONTOY,1 
INO,1 
INOKE,1 
IPSO,1 
IRISKA,1 
IRONMAN,1 
ISADORA,1 
ISAIAH,1 
ISAMU,1 
ISHI,1 
ISLAY,1 
ISOBEL,1 
ISRA,1 
ISSIE,1 
ITTY BITTY,1 
IVORY,1 
IZABELLE,1 
IZZY (MAJOR),1 
J.D.,1 
J.J,1 
JABARI,1 
JABU,1 
JABY,1 
JACE,1 
JACINTHE,1 
JACJAC,1 
JACK FROST,1 
JACK S,1 
JACKALOPE,1 
JACK-O,1 
JACKS,1 
JACOB MARLEY,1 
JACOBI,1 
JADA,1 
JAFFA,1 
JAG,1 
JAGGERS,1 
JAHI,1 
JALEBI,1 
JAMARI,1 
JAMBALAYA,1 
JAMBO,1 
JAMES BOND,1 
JAMILA,1 
JAMMY,1 
JAMOCHA,1 
JAMUN,1 
JAN,1 
JANDI,1 
JANET,1 
JANEY,1 
JANUARIO,1 
JANUARY,1 
JASCAL,1 
JASIO,1 
JASPAR,1 
JASPER-CHEEK,1 
JAVELIN,1 
JAXY,1 
JAXYN,1 
JAY JAY,1 
JAY-GUY,1 
JAYY,1 
JAZMINE,1 
JAZZBERRY,1 
JAZZMINE,1 
JD,1 
JEALOUS,1 
JEAN GREY,1 
JEANIE,1 
JEANNE,1 
JEANNIE,1 
JEEPERS,1 
JEKYLL,1 
JELLYBOP,1 
JEM,1 
JEMMA,1 
JENGLES,1 
JENKO,1 
JENNA,1 
JENNIE,1 
JENNIFER,1 
JENSEN,1 
JEREMY,1 
JERSEY GIRL,1 
JESSE WIN,1 
JESSEJAN,1 
JESSIE/SWEET,1 
JESSY,1 
JETE,1 
JETER,1 
JETSON,1 
JETT,1 
JEUDI,1 
JEWELS,1 
JEZA,1 
JIANGYUE,1 
JIFFY PUFF,1 
JIGGS,1 
JIGSAW,1 
JIJI GARCIA,1 
JILLY,1 
JIMINY,1 
JIMMIE,1 
JIMOTHY,1 
JING LING,1 
JINGBAO,1 
JINGER,1 
JINGLE,1 
JINKS,1 
JINXY,1 
JMILE,1 
JOAN,1 
JOANIE,1 
JOANNA,1 
JODI,1 
JODY,1 
JOEY BHAT,1 
JOHN CONNOR,1 
JOHNLEWIS,1 
JOHNNY DAMON,1 
JOHNNY RAE,1 
JOLI OLLIE,1 
JOLYN,1 
JONA,1 
JONAH,1 
JONATHAN,1 
JONSIE,1 
JOON,1 
JOONI,1 
JORDAN,1 
JORDAN JR,1 
JOSHUA,1 
JOSHUADECLAW,1 
JOVIE,1 
JR,1 
JUANINHA,1 
JUBILE,1 
JUBILEE,1 
JUDE,1 
JUDY,1 
JUJUBE,1 
JULEP,1 
JULIEN,1 
JULIETA,1 
JULIO,1 
JUMPER,1 
JUNGLE,1 
JUNIE,1 
JUNIMO,1 
JUNO HOWARD,1 
JUNYA,1 
JUPITER DOOM,1 
JUSS,1 
JUZIO,1 
K C,1 
K.C,1 
K.C. (CASEY),1 
KADIE,1 
KADIN,1 
KAFKA,1 
KAHLO,1 
KAHLUA,1 
KAHUNA,1 
KAIDEN,1 
KAIJU,1 
KAIRI,1 
KAITY,1 
KAIYAH,1 
KAKERU,1 
KALE,1 
KALE-EL,1 
KALIM,1 
KALINA,1 
KALINKA,1 
KALLO,1 
KALY,1 
KAMAITACHI,1 
KAMI,1 
KAMILLE,1 
KANE,1 
KANSAS,1 
KARA,1 
KARAMEL,1 
KARL,1 
KAROO,1 
KARUNA,1 
KASEY,1 
KASH,1 
KASHA,1 
KASHI,1 
KASSY,1 
KATARA,1 
KATARIA,1 
KATE,1 
KATEY,1 
KATHERINE,1 
KATHY,1 
KATIE DECLAW,1 
KATIE PURRIE,1 
KATMANRUE,1 
KATNESS,1 
KATNIS,1 
KATO,1 
KATOUSHKA,1 
KATSU,1 
KATY FLUFF,1 
KATY-KAT,1 
KATZ,1 
KATZO,1 
KAWHI,1 
KAYA,1 
KAYAK,1 
KAYDEN,1 
KAYLEE,1 
KAYLYN,1 
KAYTEE,1 
KAZUKI,1 
KD,1 
KEAGAN,1 
KEBI,1 
KEDI,1 
KEEBLER,1 
KEEKO,1 
KEELY,1 
KEHSA,1 
KEIF,1 
KEIKO,1 
KEISHA,1 
KEITH,1 
KEKE,1 
KELSEY,1 
KELVIN,1 
KEMPT,1 
KEN,1 
KENDAL,1 
KENYA,1 
KENZA,1 
KENZIE,1 
KENZO,1 
KES,1 
KESSEL,1 
KETY,1 
KEVIN MCALLI,1 
KEYS,1 
KEYSHA,1 
KHARRIE,1 
KHIEO,1 
KHOSHEKH,1 
KI,1 
KIBARIYE,1 
KIBBLES,1 
KIBU,1 
KICHI,1 
KICIA LLAMA,1 
KICSI,1 
KIDDY KIDDEN,1 
KIERAN,1 
KIISTU,1 
KIISU,1 
KIKA PERSIJN,1 
KIKUNI,1 
KILALA,1 
KILEY,1 
KILLER,1 
KIM,1 
KIMBER,1 
KIMIA,1 
KIMIKO,1 
KIMMI,1 
KING ARTHUR,1 
KING JULIAN,1 
KING SIMBA,1 
KINGSATURN,1 
KINGSTON,1 
KINICKIE,1 
KINK,1 
KINKY BOOTS,1 
KINNY,1 
KINO,1 
KION,1 
KIPLING,1 
KIRAN,1 
KIRARA,1 
KIRBY,1 
KIRI,1 
KIRJAVIN,1 
KIRSH,1 
KISHI,1 
KISSA,1 
KISSKISS,1 
KIT CAT,1 
KIT KIT,1 
KIT LI,1 
KITAN-AYE,1 
KITCAT,1 
KITON,1 
KITOON,1 
KITSUNE,1 
KITT,1 
KITTEN 1,1 
KITTEN 3,1 
KITTEN 4,1 
KITTENSWORTH,1 
KITTI,1 
KITTY 1,1 
KITTY 2,1 
KITTY 3,1 
KITTY LUCKY,1 
KITTY PAWS,1 
KITTY WILDE,1 
KITTYBOBITTY,1 
KITTYCAT 6TH,1 
KITTYFLUFFY,1 
KITY,1 
KIYO,1 
KIYOMI,1 
KIYOOMI,1 
KIYOSHI,1 
KLIFFORD,1 
KLOUDY,1 
KLUTZI,1 
KNEISS PIE,1 
KOA,1 
KOBO,1 
KODI,1 
KODKOD,1 
KOJI,1 
KOJII,1 
KOKACHIN,1 
KOMALA,1 
KOMI,1 
KONA,1 
KONIK,1 
KOOKIE,1 
KOROBKIN,1 
KORVU,1 
KOSHKA,1 
KOSMO,1 
KOT,1 
KOTA,1 
KOTO,1 
KOYA,1 
KOZY,1 
KRAKEN,1 
KRAMER,1 
KRIMBLE,1 
KRINGLE,1 
KRINKLE,1 
KRONOS,1 
KROPKA,1 
KRUMPKE,1 
KUATO,1 
KUDDY,1 
KUKA,1 
KUKKU,1 
KULI KULI,1 
KUMA,1 
KUMQUAT,1 
KUPO,1 
KURAMA,1 
KURJA,1 
KURMA,1 
KURO,1 
KURT,1 
KUSH,1 
KUTING,1 
KUTTY,1 
KUZMA,1 
KVINNA,1 
KVITKA,1 
KWAIKWAI NUI,1 
KWEN,1 
KYLIE,1 
KYLIE MEOWRY,1 
KYO,1 
KYRIE,1 
KYSION,1 
LACIE,1 
LADDU,1 
LADY APPLEBE,1 
LADY GIDGET,1 
LADY VIENNA,1 
LADYCATHERIN,1 
LAEKA,1 
LAEL,1 
LAIKA,1 
LAKEEKO,1 
LALO,1 
LAMONT,1 
LANA,1 
LANA DELGREY,1 
LANAH,1 
LANCASTER,1 
LANCE,1 
LANEY,1 
LANQUITA,1 
LANY,1 
LAOGANMA,1 
LAPETOUNE,1 
LAPO,1 
LARA,1 
LARRY (LITTL,1 
LASSA,1 
LATIFA,1 
LATIFAH,1 
LAURA,1 
LAUREN,1 
LAURETTA,1 
LAURIE,1 
LAUTREC,1 
LAV,1 
LAVANDER,1 
LAVENDERMEDE,1 
LAVIE,1 
LAWRENCE,1 
LAYCE,1 
LAZLO,1 
LB,1 
LE CHIEN,1 
LEADER,1 
LEAF,1 
LEAMA,1 
LEANA,1 
LEAP,1 
LEBRON,1 
LEENA,1 
LEEZA,1 
LEGO,1 
LEGOLAS,1 
LEIF,1 
LEIF ERICSON,1 
LEILAH,1 
LEILANY,1 
LELO,1 
LEMIEUX,1 
LEMONGRASS,1 
LEN,1 
LENCILI,1 
LENNETH,1 
LENNON,1 
LENNY AVOCAD,1 
LENOIR,1 
LENTIL,1 
LENY,1 
LEO 3,1 
LEO ASSADIAN,1 
LEO DICAPRIO,1 
LEO DICATRIO,1 
LEO TANK (KA,1 
LEOLO,1 
LEONORA,1 
LEOPARD,1 
LETTUCE,1 
LEVIS,1 
LEXIANNI,1 
LEXUS,1 
LIA,1 
LIAM NEESON,1 
LIATH,1 
LICHI,1 
LICKS,1 
LIDIA,1 
LIESL,1 
LIESLE,1 
LIEUTENANT P,1 
LIFFEY,1 
LIGHT,1 
LIKA,1 
LIL BIT,1 
LIL DUDE,1 
LIL GREY,1 
LIL LADY MAR,1 
LIL NEL,1 
LIL ONE,1 
LIL POUNDCAK,1 
LIL SNACKS,1 
LILBO,1 
LILBOY,1 
LILIAN,1 
LILIBETH,1 
LILLIPUT,1 
LILLO,1 
LILLY-PIE,1 
LILOU,1 
LILY PAD,1 
LILYROSE,1 
LIMOO,1 
LIMPET,1 
LINDEN,1 
LINDSEY,1 
LING LING,1 
LINKY,1 
LIONEL HOBBE,1 
LIONEL RICHI,1 
LIONESSA,1 
LIONHEART,1 
LIONNELLE,1 
LIONO,1 
LIRA,1 
LITCHI,1 
LITEE,1 
LITTLE 3,1 
LITTLE BO,1 
LITTLE BONES,1 
LITTLE BUDDY,1 
LITTLE CAT,1 
LITTLE D,1 
LITTLE FOOT,1 
LITTLE GYPSY,1 
LITTLE MEOW,1 
LITTLE ONE 2,1 
LITTLE PRINC,1 
LITTLE THING,1 
LITTLE WOLF,1 
LITTLE YELLO,1 
LIU SHUI,1 
LIVIA,1 
LIVVIE,1 
LIZ,1 
LIZBIT,1 
LIZETTE,1 
LIZZO,1 
LJUTYI,1 
LOBSTER(SALS,1 
LOGANO,1 
LOIS,1 
LOLABEAN,1 
LOLITA,1 
LORDE TIERGA,1 
LORENG,1 
LORETTA,1 
LORI,1 
LOTKA,1 
LOTTO MAX,1 
LOTUS,1 
LOU LOU,1 
LOUDON,1 
LOUIE BEAR,1 
LOUIS V,1 
LOUISETTE,1 
LOUKA,1 
LOULA,1 
LOVE,1 
LOVEY,1 
LOYAL,1 
LT DAN,1 
LUA PRINCESS,1 
LUABELLE,1 
LUAH,1 
LUANE LEMON,1 
LUCCA,1 
LUCCI,1 
LUCIA,1 
LUCIANO,1 
LUCIEN,1 
LUCIFURR,1 
LUCILA,1 
LUCK,1 
LUCK JAY,1 
LUCKI,1 
LUCKIE,1 
LUCKY BUG,1 
LUCKY MI,1 
LUCUS,1 
LUCY FLUFF,1 
LUCYLOU,1 
LUDO,1 
LUENNA,1 
LUFFY,1 
LUGOSI,1 
LUIS,1 
LUIS RIEHL,1 
LUISA,1 
LUKETTE,1 
LUKIE,1 
LUKWIN,1 
LULA,1 
LULU BELLEN,1 
LUMA,1 
LUMINARA,1 
LUMOS,1 
LUNA GOMEZ,1 
LUNA JR,1 
LUNA MOCHI,1 
LUNA SILKY,1 
LUNAMITTENS,1 
LUNCHES,1 
LUNDI,1 
LUNSA,1 
LUPE,1 
LUPIN,1 
LUSIA,1 
LUTHER,1 
LUTHIEN,1 
LUTIK,1 
LUTON,1 
LUVY,1 
LUX,1 
LUXY,1 
LYA,1 
LYCHEE,1 
LYLAH,1 
LYNDA,1 
LYNK,1 
M.I.A.,1 
MABELLE,1 
MACBEE,1 
MACCHIA,1 
MACCHIATA,1 
MACEK,1 
MACEY,1 
MACFARLANE,1 
MACHO,1 
MACIEK,1 
MACINTYRE,1 
MACKENZIE,1 
MACTAVISH,1 
MAD MAX,1 
MADALENA,1 
MADDIE,1 
MADDOX,1 
MADELEINE,1 
MADISON,1 
MADOC,1 
MAESTRO,1 
MAFALDA,1 
MAG,1 
MAGDA,1 
MAGDALYN,1 
MAGENTA,1 
MAGFUR,1 
MAGGIE MAE,1 
MAGGIE MAY,1 
MAGNETO,1 
MAGNOLIA,1 
MAGOO,1 
MAGPIE,1 
MAGRO,1 
MAGY,1 
MAHINA,1 
MAI MAI,1 
MAI TAI,1 
MAIA,1 
MAIER,1 
MAIYA,1 
MAKAI,1 
MAKHMAL,1 
MAL,1 
MALACHI,1 
MALANDRO,1 
MALCOM,1 
MALI,1 
MALIK,1 
MALINKA,1 
MALLIE,1 
MALLORY,1 
MALLY,1 
MALO,1 
MALONE,1 
MALTA,1 
MAM,1 
MAMA BEAN,1 
MAMA BELLA,1 
MAMA FURY,1 
MAMA HEART,1 
MAMA MOLLY,1 
MAMA ROLO,1 
MAMACITA,1 
MAMASITA,1 
MAMCITA,1 
MAMITA,1 
MANDARINE,1 
MANDER,1 
MANDIS,1 
MANDU,1 
MANDY,1 
MANEKI,1 
MANGOCHI,1 
MANIA,1 
MANIEK,1 
MANITOU,1 
MANOLO,1 
MANON,1 
MANU,1 
MAO,1 
MAO MAO,1 
MAOMAO,1 
MAORI,1 
MAPLES,1 
MARAKESH,1 
MARCA,1 
MARCELINE,1 
MARCELLO,1 
MARCI,1 
MARCIPAN,1 
MARDI GRAS,1 
MARFA,1 
MARGUERITE,1 
MARI,1 
MARIA BERENI,1 
MARICICA,1 
MARILLA,1 
MARINA,1 
MARK ZUCKERF,1 
MARKUS,1 
MARLENA,1 
MARLIN,1 
MARQUES,1 
MARSFRED,1 
MARSHA,1 
MARSHALL,1 
MARSHMELLO,1 
MARTA,1 
MARTEN,1 
MARTHA,1 
MARTINIQUE,1 
MARTY MC FLY,1 
MARU,1 
MARVEL,1 
MAR-VEL,1 
MARY-ANNE,1 
MARY-KATE,1 
MARYTH,1 
MARZIE,1 
MARZIPAN,1 
MARZY,1 
MASH,1 
MASHKA,1 
MASIENIKA,1 
MASIK,1 
MASQUERADE,1 
MATHILDE,1 
MATT,1 
MATTY,1 
MAUDIE,1 
MAUJIE,1 
MAULY,1 
MAUN,1 
MAURINO,1 
MAURY,1 
MAWI,1 
MAX ROSALES,1 
MAXIME,1 
MAXIMILIANO,1 
MAXIMILLION,1 
MAXIMUS,1 
MAXIUM,1 
MAXXIE,1 
MAXXY,1 
MAYA ANGELOU,1 
MAYAH,1 
MAYHEM,1 
MAYU,1 
MAYUKI,1 
MAYUME,1 
MAYWEST,1 
MAYZA,1 
MAZA,1 
MAZAL,1 
MAZIKEEN,1 
MAZZIE,1 
MCCARTNEY,1 
MCCOY,1 
MCDREAMY,1 
MCFLY,1 
MCGIVOR,1 
MCGYVER,1 
MCKEE,1 
MCSTUBBIN,1 
MEARL,1 
MEATLOAF,1 
MEECA,1 
MEECHEE,1 
MEEMO,1 
MEEP,1 
MEEPLE,1 
MEEZER,1 
MEGGY,1 
MEGRA,1 
MEI-LIN,1 
MEIMEI,1 
MEJO,1 
MEJURI,1 
MEKO,1 
MELACHII,1 
MELANIE,1 
MELANIEANNE,1 
MELI,1 
MELINA,1 
MELISSA,1 
MELLO,1 
MELLY,1 
MELO,1 
MELON,1 
MELUSI,1 
MELVIN,1 
MEME,1 
MENINA,1 
MEOW ME,1 
MEOWMEOW,1 
MEOWS,1 
MEOWTH,1 
MEREDITH,1 
MEREDITH GRE,1 
MERKES,1 
MERLOT,1 
MERREL,1 
MERU,1 
MESHA,1 
MESHE,1 
MESHKI,1 
MESSY,1 
MESUE,1 
METEOR,1 
METILDA,1 
MEUW,1 
MEW,1 
MEWGENE,1 
MEWMEW,1 
MEWSETTE,1 
MEWTWO,1 
MEXY,1 
MEYA,1 
MEYOU,1 
MEZZ,1 
MI MING,1 
MIAO,1 
MIAO MIAO,1 
MIAOMIAO,1 
MICCHI,1 
MICHAEL 2,1 
MICHAEL JACK,1 
MICHI,1 
MICHO,1 
MICHONE,1 
MICI,1 
MICK JAGGER,1 
MICKA,1 
MICKI,1 
MICRO,1 
MIDNA,1 
MIDNIGHT RAV,1 
MIE,1 
MIEZE,1 
MIFFY,1 
MIGA,1 
MIGHTY MOUSE,1 
MIGUELITO,1 
MIIKO,1 
MIISU,1 
MIKAELA,1 
MIKAN,1 
MIKAS,1 
MIKEAL,1 
MIKESH,1 
MIKKI,1 
MIKKO,1 
MIKLO,1 
MIKOTO,1 
MIKY,1 
MILAN,1 
MILDRED,1 
MILES DECLWD,1 
MILI,1 
MILKA,1 
MILKIE,1 
MILLAH,1 
MILLEY,1 
MILLI,1 
MILO HOANG,1 
MILOH,1 
MILUSIA,1 
MILZ,1 
MIM,1 
MIMI MINOU,1 
MIMI WONG,1 
MIMOLETTE,1 
MIMUSIA,1 
MIN,1 
MIN MIN,1 
MINALOUSHE,1 
MINAZAI,1 
MINDEN,1 
MINETTE,1 
MINEW,1 
MINEY,1 
MINGMING,1 
MINI MOLLY,1 
MINIE,1 
MINIMUS,1 
MINION,1 
MINKY,1 
MINNEY,1 
MINNIE MOMMY,1 
MINNOS,1 
MINOUCHKA,1 
MINOUNE,1 
MINT,1 
MINX,1 
MIO,1 
MION,1 
MIRANDA,1 
MISA,1 
MISCHIF,1 
MISHAPUSHKIN,1 
MISHI,1 
MISHKO,1 
MISHO,1 
MISHTI,1 
MISIU,1 
MISS BLUSH,1 
MISS CHEEKY,1 
MISS DELLA,1 
MISS ELLIE,1 
MISS HISS,1 
MISS JACKSON,1 
MISS MARPLE,1 
MISS MEW,1 
MISS OHIO,1 
MISS PEANUT,1 
MISS PURRS,1 
MISS SPARKLE,1 
MISS SWEETS,1 
MISS VIOLET,1 
MISSCALLIOPE,1 
MISSE,1 
MISSTY,1 
MISSY BOOTS,1 
MISSY BUG,1 
MISTER D,1 
MISTER FREE,1 
MISTLETOE,1 
MISTY DAY,1 
MISTY TURNIP,1 
MITAINE,1 
MITCH,1 
MITCHELL,1 
MITCHY,1 
MITHU,1 
MITSA,1 
MITSEY,1 
MITSU,1 
MITTEN,1 
MITTS,1 
MITZIE,1 
MIU,1 
MIUMIU,1 
MIXTLY,1 
MIYAKAKI,1 
MIYUKI,1 
MIZU,1 
MIZUKI,1 
MJ,1 
MME WHITE,1 
MO,1 
MO MO,1 
MOANA,1 
MOBIUS,1 
MOBY,1 
MOCCA,1 
MOCCASIN,1 
MOCCO,1 
MOET,1 
MOFF,1 
MOGGY,1 
MOHAIR,1 
MOIRA,1 
MOISEY,1 
MOISHE,1 
MOJACKO,1 
MOJO-JOJO,1 
MOKEY,1 
MOKIE,1 
MOKU,1 
MOKUM,1 
MOKY,1 
MOLASSES,1 
MOLLIE,1 
MOLLY ROSE,1 
MOMIJI,1 
MOMMA,1 
MOMMA ADELIN,1 
MON,1 
MONA,1 
MONARCH,1 
MONCHICHI,1 
MONEY,1 
MONI,1 
MONING,1 
MONITO,1 
MONO,1 
MONSIEUR MOR,1 
MONTCLAIR,1 
MONTEGO,1 
MONTGOMERY C,1 
MONTY PURRTH,1 
MONTY TUX,1 
MONTY XAVIER,1 
MONZIE,1 
MOO SHOO,1 
MOOCH LEPEW,1 
MOOGGI,1 
MOOGLE,1 
MOOKI,1 
MOOKIE BETTS,1 
MOOMIN,1 
MOOMOO,1 
MOON UNIT,1 
MOONEE,1 
MOONEY,1 
MOOSHKA,1 
MOOSHY,1 
MORDRED,1 
MORITZ,1 
MORNING,1 
MORSE,1 
MORTHY,1 
MORTY PANTS,1 
MOSAIC,1 
MOSBY,1 
MOSCATO,1 
MOSHA,1 
MOSHI,1 
MOSTLY GREY,1 
MOTH,1 
MOTORHEAD,1 
MOTTLE,1 
MOTTYL,1 
MOUDY,1 
MOUFETTE,1 
MOUMOU,1 
MOUNTY,1 
MOUSER,1 
MOUSEY,1 
MOUSTACHIO,1 
MOXY,1 
MOZIE,1 
MR BEAN,1 
MR BENNETT,1 
MR BIG,1 
MR BJ,1 
MR BLUE,1 
MR BOLD,1 
MR CAT,1 
MR CI CI,1 
MR DARCY,1 
MR FLUFFERS,1 
MR GARCIA,1 
MR HARRIS,1 
MR HOBBS,1 
MR K,1 
MR KITTY,1 
MR MARLEY,1 
MR MISTY,1 
MR MOUSER,1 
MR MRUCZEK,1 
MR NOODLES,1 
MR PICKLES,1 
MR PURR,1 
MR SKINNY,1 
MR T,1 
MR TOD,1 
MR TROUBLE,1 
MR WIGGLES,1 
MR WIGGLES/C,1 
MR WONDERFUL,1 
MR.,1 
MR. BIG,1 
MR. BLUE,1 
MR. CHATTY,1 
MR. CHEESE,1 
MR. CLEVER,1 
MR. HIGGINS,1 
MR. JINX,1 
MR. KAT,1 
MR. MOOSE,1 
MR. PINK,1 
MR. T,1 
MR. WILSON,1 
MR. YELLOW,1 
MR.BOJANGLES,1 
MR.FRED,1 
MR.JINX,1 
MR.KITTY,1 
MR.MUFFIN,1 
MR.SHADOW,1 
MR.TROUBLE,1 
MRFLUFFYPANT,1 
MRMAN,1 
MRS BURNS,1 
MRS. NORRIS,1 
MRUCZEK,1 
MS MEW,1 
MS NOVA,1 
MS. GOLD,1 
MS. WHITE,1 
MS.BIRDY,1 
MS.LADY,1 
MSJANEMARPEL,1 
MUCIO,1 
MUCK,1 
MUEZZA,1 
MUFFIN MAN,1 
MUFFINS,1 
MUFFY,1 
MUJAHID,1 
MUJI,1 
MULLY,1 
MUMMA,1 
MUMMIES,1 
MUMU,1 
MUNA,1 
MUNCHIE,1 
MUNDO,1 
MUNNA,1 
MUNROE,1 
MUOI,1 
MUPPET,1 
MUPSA III,1 
MURCHIK,1 
MURCHYK,1 
MURDOCH,1 
MURKA,1 
MURKO,1 
MUSE,1 
MUSETTE,1 
MUSHIE,1 
MUSHU,1 
MUSIA,1 
MUSKOKA,1 
MUSSA,1 
MUSSEL,1 
MUSTACHIO,1 
MUSTI,1 
MUSTI JR (EM,1 
MYA MAY,1 
MYCROFT,1 
MYKAYLA,1 
MYLES,1 
MYNX,1 
MYRKA,1 
MYRRH,1 
MYRRH TICO,1 
MYRTLE,1 
MYRTLE (THE,1 
MYSARIA,1 
MYSTIE,1 
MYSTIK,1 
MYSTO,1 
MYSTOGAN,1 
NABLA,1 
NACA,1 
NACHO BOB,1 
NACO,1 
NADIA,1 
NAIGAO QIAN,1 
NAILA,1 
NAINEN,1 
NAKIA,1 
NAKITA,1 
NALA WHISKEY,1 
NAME 2?,1 
NAMELESS,1 
NAMIE,1 
NAMSAI,1 
NANACHACHA,1 
NANNAN,1 
NANO,1 
NANQUIM,1 
NANSHE,1 
NAOMI,1 
NARU,1 
NASCAR,1 
NASH,1 
NATALIE,1 
NATASHA,1 
NATTY,1 
NAWNI,1 
NAYATI,1 
NAYDRA,1 
NAYONG,1 
NEA,1 
NEBULOSA,1 
NEECHEE,1 
NEEK,1 
NEEKO,1 
NEFERTITI,1 
NEGAN,1 
NEGRITO,1 
NEIGE,1 
NELA,1 
NELI,1 
NELLA,1 
NELLCOTT,1 
NELSON,1 
NENE,1 
NERD,1 
NESTEA,1 
NESTOR,1 
NETTIE,1 
NEVADA,1 
NEVILLE,1 
NEVSKY,1 
NEWBIE,1 
NEWMAN,1 
NEWO,1 
NEWT,1 
NEYMAR,1 
NEZUKO,1 
NGERU,1 
NIAMH,1 
NIANGNIANG,1 
NIBBS,1 
NIBLET,1 
NIBS,1 
NICCI,1 
NICKEL,1 
NICKINICOLE,1 
NICOLAS,1 
NIEBLE,1 
NIETZSCHE,1 
NIEVE,1 
NIGELLA,1 
NIGHT,1 
NIGIRI,1 
NIKA,1 
NIKAN,1 
NIKKO,1 
NIKOLA TESLA,1 
NIKOLAI,1 
NIKORU,1 
NIKUJAGA,1 
NILA,1 
NILI,1 
NIMITZ,1 
NINA-NEMO,1 
NINI,1 
NINO BROWN,1 
NIPPS,1 
NIRU,1 
NISAN,1 
NISMO,1 
NISSA,1 
NIXON,1 
NIYLAH,1 
NO NAME 3,1 
NO TEETH,1 
NOBI,1 
NOG,1 
NOG NOG,1 
NOIR,1 
NOIREAU,1 
NOIRO,1 
NOISETTE,1 
NOISY,1 
NOLEE,1 
NOMAD,1 
NONIM,1 
NOOK,1 
NOOKY,1 
NOONER,1 
NOOR,1 
NOORI,1 
NOOSA,1 
NORAH,1 
NORBAL,1 
NORBU,1 
NOR'EASTER,1 
NORIE,1 
NORMA,1 
NORRIS,1 
NORTON,1 
NOSE,1 
NOSY,1 
NOTE,1 
NOUGAT,1 
NOVO,1 
NU,1 
NUBLINU,1 
NUCHIE,1 
NUDGER,1 
NUGGETT,1 
NUGGS,1 
NUKI,1 
NUMA,1 
NUMICIUS,1 
NUNA (NEW-NA,1 
NUOMI,1 
NUREYV,1 
NURU,1 
NUT,1 
NYMBIS,1 
NYSZ,1 
OBERON,1 
OBRA,1 
OBSIDIAN,1 
OBSIDIAN SID,1 
OCELOT,1 
OCOTILLO,1 
OCTAVIA,1 
OCTAVIUS,1 
ODDIE,1 
ODESSA,1 
ODO,1 
ODYSSEY,1 
OFFMAN,1 
OGGY,1 
OGI,1 
OH HENRY,1 
OHANA,1 
OLA,1 
OLEG,1 
OLGA,1 
OLIE,1 
OLIVER MONTG,1 
OLIVER NORTH,1 
OLIVER ZACHA,1 
OLIVER/PUSS,1 
OLIVIA BENSO,1 
OLIVIA WILDE,1 
OLLE,1 
OLLEY,1 
OLLY,1 
OLYMPIA,1 
OMAR,1 
OMELET,1 
ONIX,1 
ONJUS,1 
ONSLOW,1 
OODLE,1 
OOYOU,1 
OPE,1 
OPEY,1 
OPPY ROBBIE,1 
OPUS,1 
ORACLE,1 
ORCHARD,1 
OREGANO,1 
ORI FRANCIS,1 
ORIEO,1 
ORIOLE,1 
ORKO,1 
ORLANDO,1 
ORLOK,1 
ORRYO,1 
ORSON,1 
OSCAR BABY,1 
OSCAR MAZHOR,1 
OSCAR WILDE,1 
OSCAR/BUTTER,1 
OSCARLOS,1 
OSIRUS,1 
O'SIRUS,1 
OSKER,1 
OSSIE,1 
OTI,1 
OWL,1 
OZMA,1 
OZMAN,1 
OZY,1 
P.K,1 
P.K.,1 
PACATO,1 
PADDIWACK,1 
PADDY,1 
PAELLA,1 
PAGET,1 
PAIGE,1 
PAKO,1 
PAKORA,1 
PALMER,1 
PALMERSTON,1 
PALOMA,1 
PALOMINA,1 
PALZMA,1 
PAM,1 
PAMMY,1 
PAMUK,1 
PAMUK YUKI,1 
PAN,1 
PANARAMA,1 
PANDA BEAR,1 
PANDY,1 
PANEER,1 
PANGHU,1 
PANGUR,1 
PANGZI,1 
PANKO,1 
PANPAN,1 
PANQUECA,1 
PANTHER,1 
PANTHERE,1 
PANTUFA,1 
PAPERMATE,1 
PAPI,1 
PAPI CHULO,1 
PAPILLION,1 
PAPRIKA,1 
PARADIDDLE,1 
PARAISO,1 
PARLE,1 
PARSLEY,1 
PARSLEY CHAU,1 
PARTY,1 
PASCALE,1 
PASECZEK,1 
PASH,1 
PASHIMA,1 
PASSION FLAK,1 
PASTORA,1 
PAT,1 
PATAFLAFLA,1 
PATATE,1 
PATATITA,1 
PATRA,1 
PATRICIA,1 
PATRON,1 
PATTON,1 
PATY,1 
PAULY,1 
PAUVE,1 
PAVI,1 
PAVLO,1 
PAW,1 
PAX MARINO,1 
PAXTON,1 
PEACHIE,1 
PEACHTREE,1 
PEANUT BUTTE,1 
PEANUT PJ,1 
PEANUTBUTTER,1 
PEAS,1 
PEASEBLOSSOM,1 
PEBBLE,1 
PEEKAY,1 
PEEP,1 
PEEPO,1 
PEEWEE,1 
PELLET,1 
PELTZIE,1 
PEMPEK,1 
PENDA,1 
PENGUIN,1 
PENNE,1 
PENNY LANE,1 
PENOK,1 
PENUT,1 
PEONY,1 
PEPETTE,1 
PEPI,1 
PEPPER JR.,1 
PEPPER PURRY,1 
PEPPER THE M,1 
PEPPERETTE,1 
PEPPERLBEIJA,1 
PEPPERMINT,1 
PEPPERONCINI,1 
PEPPERPOT,1 
PEPPI,1 
PEPPINO,1 
PEPPY,1 
PEPYS,1 
PERCY JACKSO,1 
PERDITA,1 
PEREGRINE,1 
PERICLES,1 
PERIWINKLE,1 
PERKINS,1 
PERLITA,1 
PERRY,1 
PERRY MASON,1 
PERRY ROBINS,1 
PERSEFONE,1 
PERSIK,1 
PERSIMMON,1 
PERSUS,1 
PESHI,1 
PESO,1 
PESSO,1 
PETER PARKER,1 
PETER PAWS,1 
PETIT OURSON,1 
PETO,1 
PETULA,1 
PEVENSKIE,1 
PEWTER,1 
PHARA,1 
PHEOBE,1 
PHIL,1 
PHILI,1 
PHILIA,1 
PHILIBERT,1 
PHILIPS,1 
PHILLIE,1 
PHINAEUS,1 
PHLUFFY,1 
PHYLLIS L,1 
PI,1 
PIA,1 
PICA,1 
PICCO,1 
PICCOLO,1 
PICHU,1 
PICKENS,1 
PIDA,1 
PIED PIPER,1 
PIETRO,1 
PIG PEN,1 
PIJIU,1 
PIKE,1 
PIKI,1 
PILAF,1 
PILAR,1 
PILLAR,1 
PILLOW,1 
PINA,1 
PINA COLADA,1 
PINCEAU,1 
PING,1 
PINGU,1 
PINKERTON,1 
PINTA,1 
PINTO BEAN,1 
PINX,1 
PIPEYE,1 
PIPIT,1 
PIPKIN,1 
PIPPEN,1 
PIPPI,1 
PIPPITOO,1 
PIPPY,1 
PIPS,1 
PIPSQUEAK,1 
PIPSQUEEK,1 
PIPURR,1 
PIQUINHAS,1 
PIRATE,1 
PIROLITO,1 
PIROUETTE,1 
PISCO,1 
PISHI,1 
PISHOU,1 
PISHU,1 
PISICA,1 
PISTACHE H.,1 
PITCH,1 
PITCHOUME,1 
PITCHULLY,1 
PITEK,1 
PITOU,1 
PITOUNE,1 
PIWACKET,1 
PIXY,1 
PK JACK,1 
PLANK,1 
PLATINUM,1 
PLATO,1 
PLAYDOH,1 
PLINKO,1 
PLUMA,1 
PO,1 
POCAHONIS,1 
POCKET,1 
POCKY,1 
POCO,1 
PODRICK,1 
POE BEAU,1 
POGEY,1 
POKIE,1 
POLI,1 
POLITA,1 
POLLEN,1 
POLO,1 
POLUX,1 
POLY,1 
POM,1 
POMME,1 
POMPOM,1 
PONY,1 
POOBEAR,1 
POOCHIE,1 
POOKEY,1 
POOPER J HAN,1 
POOPIE,1 
POOPY,1 
POOTER,1 
POOTSA,1 
POPEYE,1 
POPLAR,1 
POPPER,1 
POPPET,1 
POPPI,1 
POPPU,1 
PORCELINE,1 
PORCHIE,1 
PORFIADO,1 
PORSCHE,1 
PORSHA,1 
PORTA,1 
PORTIA,1 
PORTOBELLO,1 
POSEY,1 
POSH,1 
POSSUM,1 
POTASSIUM,1 
POTATO,1 
POTATOE,1 
POTTER,1 
POTTS,1 
POU,1 
POUNCER,1 
POUPONE,1 
POUPOUNE,1 
POUTINE,1 
POWDER,1 
POWER,1 
PP,1 
PRAIRIE,1 
PRAJNA,1 
PRENS,1 
PRESLEY,1 
PRESTA,1 
PRET,1 
PRETTY,1 
PRETTY (SOCK,1 
PRETTY PRETT,1 
PRINCE ALEX,1 
PRINCE SINBA,1 
PRINCESS AZU,1 
PRINCESS MIA,1 
PRINCESS PEA,1 
PRINCEY,1 
PRINGLE,1 
PROSECCO,1 
PRUE,1 
PRUSSIA,1 
PRYNCE,1 
PSS WISS WIS,1 
PSSPSSPSS,1 
PUCE,1 
PUCHI,1 
PUCK,1 
PUF,1 
PUFFBALL,1 
PUFFIN,1 
PUFFLE,1 
PUMBA,1 
PUMPKIN PETE,1 
PUMPKIN SEED,1 
PUMPKIN SPIC,1 
PUPACE,1 
PURCY,1 
PUREE,1 
PURL,1 
PURRCILA,1 
PURRCILLA,1 
PURRCIVAL,1 
PURRIE MASON,1 
PURRMINATOR,1 
PURRSCILLA,1 
PUSEK,1 
PUSHKIN,1 
PUSHOK,1 
PUSHY,1 
PUSS N BOOTS,1 
PUSSKIT,1 
PUSSPUSS,1 
PUSSY CAT,1 
PUSSYWILLOW,1 
PUTTER,1 
PUTTERS,1 
PYEWACKET,1 
PYPEDDIE,1 
Q TIP (CUTIE,1 
QARY,1 
QIQI,1 
QIU,1 
QIU ER,1 
QIUQIU,1 
QQ,1 
QUACZY,1 
QUAKE,1 
QUARTER POUN,1 
QUASAR,1 
QUEENS,1 
QUENTIN,1 
QUESIDILLA,1 
QUICHE,1 
QUICKSILVER,1 
QUIN,1 
QUINCE,1 
QUINCEY,1 
QUINCY SHADO,1 
QUINNAS,1 
QUINOA,1 
QUINTE,1 
QUINTO,1 
QUINTUS,1 
QUITOU(COOTU,1 
R.J.,1 
R2,1 
RAE-ANN,1 
RAGGAMUFFIN,1 
RAIDEN,1 
RAINA,1 
RALPHIE,1 
RALPHY,1 
RALSTON,1 
RAMA,1 
RAME,1 
RAMONE,1 
RAMONES,1 
RAPH,1 
RASCAL 2,1 
RASHEL,1 
RASIN,1 
RASMALIA,1 
RASMUS,1 
RASPBERRY,1 
RASPUTE,1 
RAVA,1 
RAVAGE,1 
RAVEL,1 
RAVENPAW,1 
RAVINE,1 
RAY BELLO,1 
RAY CHARLES,1 
RAYA,1 
RAYMOND,1 
RAYO,1 
RAZZ,1 
REAGAN,1 
REAH,1 
REBUS,1 
RED BEAN,1 
RED COLLAR,1 
REEKO,1 
REES,1 
REEVE,1 
REEVES,1 
REFLEX,1 
REGAN,1 
REGINA,1 
REI,1 
REILLY,1 
REISLING,1 
REJIE,1 
REKA,1 
REMBRANDT,1 
REMIX,1 
REMO,1 
RENEGAR,1 
RENGE,1 
RENNA,1 
RENO,1 
REPEAT,1 
REVAN,1 
REYA,1 
RHAEGAR,1 
RHAENYRA,1 
RHANDEL,1 
RHODA,1 
RHUM,1 
RICCO,1 
RICEBALL,1 
RICH,1 
RICHARD,1 
RICHI,1 
RICHIE,1 
RICKENBACKER,1 
RICKI,1 
RICKII,1 
RICKO,1 
RICO,1 
RIDDICK,1 
RIKU,1 
RILEY ROSE,1 
RINALDO,1 
RINGA,1 
RINGWALD,1 
RIPPLE,1 
RIRI,1 
RISOTTO,1 
ROARSHAK,1 
ROBB,1 
ROBIE,1 
ROBINSON,1 
ROBIO,1 
ROBOT,1 
ROBYN,1 
ROCHER BHAT,1 
ROCKSTAR,1 
ROCKSTEADY,1 
ROCKY BALBOC,1 
RODNEY,1 
RODRIGO,1 
ROGAN,1 
ROGATIEN,1 
ROISIN,1 
ROLA,1 
ROLY,1 
ROMA,1 
ROMAN,1 
ROME,1 
ROMEE,1 
ROMMEL,1 
RON (BOUNTY),1 
RONCEY,1 
RONJA,1 
RONRON,1 
ROOSTER,1 
ROOTBEER,1 
ROOTOO,1 
ROSALEE,1 
ROSALIE,1 
ROSALINA,1 
ROSALIND,1 
ROSAMUND,1 
ROSAMUNDE,1 
ROSCOE,1 
ROSE CHAN,1 
ROSEBUD,1 
ROSEMARIE,1 
ROSHAN,1 
ROSI,1 
ROSILAND,1 
ROSKO,1 
ROSSY,1 
ROSWELL,1 
ROSY,1 
ROTI,1 
ROUNDABOUT,1 
ROUSE ST,1 
ROUSETTE,1 
ROUSSEAU,1 
ROUX-BERT,1 
ROUXIE,1 
ROWAN,1 
ROXXIE,1 
ROY,1 
ROZ,1 
ROZSA,1 
RU,1 
RUBERTA,1 
RUBIN,1 
RUBY TUESDAY,1 
RUDI TONTO,1 
RUDIGER,1 
RUDOLPH,1 
RUE,1 
RUEBEN,1 
RUFIO,1 
RUI,1 
RUKIA,1 
RUMBLE,1 
RUMI,1 
RUMPLESTILTS,1 
RUNA,1 
RUNNER,1 
RUNT,1 
RUNTIE,1 
RUSH,1 
RUSIK,1 
RUSS,1 
RUSSIA,1 
RUSSY,1 
RUSTIC,1 
RUTH,1 
RUTHVEN,1 
RUXIN,1 
RYAN,1 
RYHANNA,1 
RYO,1 
RYSZEK,1 
RYZHIK,1 
RYZHIK JR,1 
SA PIP,1 
SABA,1 
SABAN,1 
SABESTIAN,1 
SABINA,1 
SABINE,1 
SABOTH,1 
SACHA,1 
SADE,1 
SADY,1 
SAFFIRE,1 
SAFI,1 
SAFRAN,1 
SAHRA,1 
SAILOR (TIGE,1 
SAKA,1 
SAKINA,1 
SAKIZ,1 
SAL,1 
SALAMI,1 
SALAZAR,1 
SALEP,1 
SALLYSTITCHE,1 
SALOME,1 
SALT,1 
SALVATORE,1 
SAMAN,1 
SAMANTA,1 
SAMBO,1 
SAM-E,1 
SAMI-GIRL,1 
SAMIKO,1 
SAMMIE,1 
SAMMIE2,1 
SAMWELL,1 
SAMY DAVIS J,1 
SAN SAN,1 
SANDI,1 
SANDIE,1 
SANGHA,1 
SANSA,1 
SANTIAGO,1 
SANUK,1 
SAPHIR,1 
SAPHIRE,1 
SAPPHIE,1 
SAPPHIRE,1 
SARA,1 
SARABI,1 
SARAH CONNOR,1 
SARI,1 
SARO,1 
SAROO,1 
SAS,1 
SASH,1 
SASHA BARRY,1 
SASHIMI,1 
SASKI,1 
SASKIA,1 
SASSAFRAS,1 
SASSAFRASS,1 
SATCHEL,1 
SATINE,1 
SATO,1 
SAURON,1 
SAUTERNES,1 
SAVAGE,1 
SAVANAH,1 
SAVVY,1 
SAWYER,1 
SAYA,1 
SAYORI,1 
SCALLOP,1 
SCAMPY,1 
SCARLET WITC,1 
SCARLETTE,1 
SCHEZUAN,1 
SCHMIDT,1 
SCHOOCHIE,1 
SCHOONER,1 
SCHRODINGER,1 
SCHROEDER,1 
SCHULZ,1 
SCONE,1 
SCOOT,1 
SCOTT LANG,1 
SCOTTIE,1 
SCRABBLE,1 
SCRAPPY,1 
SCRATCHETT,1 
SCREAMER,1 
SCRUBS,1 
SCRUFFER,1 
SCRUFFY,1 
SCRUFFY MURP,1 
SCRUFFY/LUNA,1 
SEA,1 
SEA DOG,1 
SEAN,1 
SEAN ROSE,1 
SEARRA,1 
SEBATIAN,1 
SEDGEWINN,1 
SEDLEY,1 
SEDONA,1 
SEEGO,1 
SEIGA,1 
SEISHIRO,1 
SELENE,1 
SELKIRK,1 
SELMA,1 
SELTA,1 
SEN,1 
SENORA,1 
SENSEI,1 
SEQUOIA,1 
SERANI,1 
SERANO,1 
SERAPHINE,1 
SEREN,1 
SERENDIPITY,1 
SERGE,1 
SEUL,1 
SEVILLE,1 
SEYMOURBUTTS,1 
SHACO,1 
SHADDOW,1 
SHADOWBENI,1 
SHAE LANE,1 
SHAEN,1 
SHAKEY,1 
SHAKY,1 
SHALAMA,1 
SHAMAN,1 
SHAMBLES,1 
SHAMSHER,1 
SHAMUS,1 
SHANA,1 
SHANIA,1 
SHANTHI,1 
SHANTO,1 
SHAQ,1 
SHARDA,1 
SHARIF,1 
SHARY,1 
SHASHI,1 
SHASTA,1 
SHATRANJI,1 
SHAW,1 
SHAWDOW,1 
SHAWNII,1 
SHE SHE 2,1 
SHEA,1 
SHEAMUS,1 
SHEDROW,1 
SHEDU,1 
SHEEDY,1 
SHEIRA,1 
SHELDONCOPER,1 
SHELLI,1 
SHER RAJA,1 
SHERA,1 
SHERBERT,1 
SHERE KHAN,1 
SHERHAN,1 
SHERI,1 
SHER-KHAN,1 
SHERMAN,1 
SHERRY,1 
SHERU,1 
SHERWIN,1 
SHEZADI,1 
SHIBA,1 
SHIMA,1 
SHIMMER,1 
SHINER,1 
SHINY,1 
SHIRA,1 
SHMEE,1 
SHMUTZY,1 
SHNUGGLES,1 
SHOELACE,1 
SHONTELLE,1 
SHONU,1 
SHOO-TWO,1 
SHORTY,1 
SHOSHANA,1 
SHOU SHOU,1 
SHRIMPY,1 
SHUMBA,1 
SHURER,1 
SHURI,1 
SHY SARAH,1 
SIA,1 
SIBEE,1 
SIBIL,1 
SIDDHARTHA,1 
SIDDLEY,1 
SIENNA,1 
SIKKENS,1 
SILAS,1 
SILK,1 
SILLI,1 
SILLY,1 
SILO,1 
SILVESTRE,1 
SILVIE,1 
SIMA,1 
SIMBA AVILA,1 
SIMEON,1 
SIMIAN,1 
SIMMY,1 
SINAI,1 
SINATRA,1 
SINBAD,1 
SINGIN,1 
SIR ALFRED,1 
SIR BOO BOO,1 
SIR FITZROY,1 
SIR ISAAC,1 
SIR LAWRENCE,1 
SIR PEEPS,1 
SIR RA,1 
SIR ROCKY,1 
SIRI,1 
SIROUNIG,1 
SISA,1 
SISU,1 
SITA,1 
SITTLER,1 
SIVKO,1 
SIZZLE,1 
SKAMP,1 
SKEEZYX,1 
SKIDS,1 
SKINNY,1 
SKIP,1 
SKIPPER,1 
SKIPPER LOO,1 
SKITTLE,1 
SKOR,1 
SKYLA,1 
SKYSONG,1 
SKYWALKER,1 
SKYY,1 
SLICK,1 
SLIPPERS,1 
SLOANE,1 
SLUSHIE,1 
SLYVESTER,1 
SMARTIES,1 
SMARTY,1 
SMASH,1 
SMELLY ELLIE,1 
SMIDGET,1 
SMITH,1 
SMITTEN,1 
SMITTY,1 
SMOKE,1 
SMOKEE,1 
SMOKEY JR,1 
SMOKEY NUGGE,1 
SMOOCH,1 
SMOOKY,1 
SMOOLIE,1 
SMORES,1 
SMUDGIE,1 
SMURPHY,1 
SNAGGLE,1 
SNAIGUTE,1 
SNEAKER,1 
SNEAKY,1 
SNEEZE,1 
SNICKLEFRITZ,1 
SNIFFLES,1 
SNIPER,1 
SNOOKER,1 
SNOOKUMS,1 
SNOOKY,1 
SNOOP,1 
SNOW SHOES,1 
SNOWBELL,1 
SNOWSHOE,1 
SNUFFLE,1 
SNUFFLES,1 
SNUGGLY,1 
SNUKI,1 
SOAPIE,1 
SOCKEN,1 
SOCRATES,1 
SODA,1 
SOFE,1 
SOFEE,1 
SOFI,1 
SOFIE,1 
SOFTIE,1 
SOI BEAN,1 
SOKKA,1 
SOKO,1 
SOL,1 
SOLDIER,1 
SOLEY,1 
SOLO,1 
SOLO-DCLD,1 
SOLOMAN,1 
SOMBRA,1 
SOMER,1 
SOMERHALDER,1 
SOMMER,1 
SONAL,1 
SONIA,1 
SONIC,1 
SONJA,1 
SONYA,1 
SOOKI,1 
SOOTIE,1 
SOOTY,1 
SORBET,1 
SOREN,1 
SORREL,1 
SOSO,1 
SOUL,1 
SOUP,1 
SOURIS,1 
SOXY,1 
SPACE,1 
SPAGHETTI,1 
SPANCER,1 
SPARKIE,1 
SPARKS,1 
SPARROW,1 
SPARTY,1 
SPATS,1 
SPENNY,1 
SPENSE,1 
SPICEY,1 
SPICY,1 
SPICY P,1 
SPIDER MONKE,1 
SPIDEY,1 
SPIKEY,1 
SPILLO,1 
SPLASH,1 
SPONGEBOB,1 
SPOOKS,1 
SPOON,1 
SPOONS,1 
SPORTY,1 
SPOTCHY,1 
SPOTTY,1 
SPRINKLES,1 
SPRITE,1 
SPROUT,1 
SPUD,1 
SPUTNIK,1 
SPY,1 
SQUALL,1 
SQUASH,1 
SQUASHIE,1 
SQUEAKEE,1 
SQUEAKERS,1 
SQUEAKS,1 
SQUEAKY,1 
SQUEAKY JOE,1 
SQUEEKERS,1 
SQUEEKY,1 
SQUIGGY,1 
SQUISHY,1 
ST. BARTS,1 
ST. KITTS,1 
STABLER,1 
STACHIE,1 
STAFFAN,1 
STAN,1 
STANELY,1 
STARDUST,1 
STARI,1 
STARKY,1 
STARLING,1 
STARR,1 
STARRY,1 
STEFANIE,1 
STEFANO,1 
STELLA P,1 
STEPHANIE,1 
STEVEN,1 
STEVES,1 
STEVIE NICKS,1 
STEWIE,1 
STICKY RICE,1 
STIGGY,1 
STINKY,1 
STODY,1 
STOM,1 
STOOGE,1 
STORMAGEDDON,1 
STORMCLOUD,1 
STORMI,1 
STORMIE,1 
STRASKO,1 
STRETCH,1 
STRIPE,1 
STRIPES,1 
STROGANOFF,1 
STU,1 
STUBBY,1 
STUFFY,1 
STYX,1 
SUBARU,1 
SUCRE,1 
SUDOKU,1 
SUE,1 
SUGARFOOT,1 
SULLIVAN,1 
SULU,1 
SUMAC,1 
SUMAK,1 
SUNA,1 
SUNBEAM,1 
SUNDIN,1 
SUNFLOWER,1 
SUNKISS,1 
SUNNIE,1 
SUNNY BOY,1 
SUNRISE,1 
SUNSET,1 
SUNSPOT,1 
SUPER TRAMP,1 
SURBY,1 
SURF,1 
SUSAN,1 
SUSANNA,1 
SUSI,1 
SUSIE LU,1 
SUTRA,1 
SUTTON,1 
SUVI,1 
SUZA,1 
SUZE,1 
SUZETTE,1 
SUZI,1 
SWEET FACE,1 
SWEET WILLIA,1 
SWEETS,1 
SWEETY PYE,1 
SWIPER,1 
SY,1 
SYBILLE,1 
SYLAR,1 
SYLVANA,1 
SYLVIA,1 
SYMBA,1 
SYNDRA,1 
SYNERGY,1 
SYRAH,1 
SZULI,1 
T.C.,1 
TAAVI,1 
TABATHA,1 
TAC,1 
TACHE,1 
TACICO,1 
TADEU,1 
TADZIO,1 
TAEL,1 
TAEYANG,1 
TAFFY CARAME,1 
TAI,1 
TAIL,1 
TAILS,1 
TAISHO,1 
TALIA,1 
TALOOLAH,1 
TAM,1 
TAM TAM,1 
TAMA,1 
TAMAL,1 
TAMANA,1 
TAMARA,1 
TAMI,1 
TAMTAM,1 
TANGELO,1 
TANGERINE,1 
TANGYUAN,1 
TANK,1 
TANSY,1 
TAPI,1 
TAPIOKA,1 
TAPPA,1 
TARECO,1 
TAREQUE,1 
TART,1 
TARTINADE,1 
TASH,1 
TASHI,1 
TASHIE,1 
TATERTOTTE,1 
TATU,1 
TATUM,1 
TAY,1 
TAZMANIAN,1 
TAZZ,1 
TBONE,1 
TBONETUBBY,1 
TCHA,1 
TCHAIKOWSKY,1 
TEACUP,1 
TEDDI,1 
TEDDIE,1 
TEE,1 
TEE TEE,1 
TEEDER,1 
TEEKA,1 
TEEMU,1 
TEETEE,1 
TEFNET,1 
TEKIR,1 
TELA,1 
TELE,1 
TEMA,1 
TEMERE,1 
TEMNY,1 
TEMO,1 
TEMPEH,1 
TENDI,1 
TENLEY,1 
TENZIN,1 
TEO,1 
TEREZA,1 
TERMEH,1 
TERRANCE,1 
TERRI,1 
TETLEY,1 
TETO,1 
TEYLA,1 
THAI,1 
THANOS,1 
THAWNA,1 
THE ANIMAL,1 
THE CAT,1 
THE CHAIRMAN,1 
THE JOKER,1 
THE O.C.,1 
THE PURRMINA,1 
THEA,1 
THEIA,1 
THEODOR,1 
THERMITE,1 
THISTLE,1 
THOMAS O'MAL,1 
THOMASINA,1 
THORIUM,1 
THUMBELINA,1 
THUMPER,1 
THUNDERLIPS,1 
THURSTON,1 
THYME,1 
TIAGO,1 
TIBISKA,1 
TIBOR,1 
TIBOU,1 
TIBS,1 
TICA,1 
TICOEUR,1 
TIFFA,1 
TIFFANY KAT,1 
TIFI,1 
TIFTACH,1 
TIGARS,1 
TI-GARS,1 
TIGER BOY,1 
TIGER HADDOC,1 
TIGER KITTY,1 
TIGER TAIL,1 
TIGER2,1 
TIGERLILLY,1 
TIGGLITT,1 
TIGGY TOO,1 
TIGRA,1 
TIGRESSE,1 
TIGRIS,1 
TIHO,1 
TIJA,1 
TIKKI,1 
TIKKI-TUU,1 
TIKTIK,1 
TILDA,1 
TILLEY,1 
TI-LOUP,1 
TILT,1 
TIM BIT,1 
TIM TAM,1 
TIMAYA,1 
TIMBRE,1 
TIMI,1 
TIMMINS,1 
TIMMOND,1 
TIMOFEY,1 
TIMON,1 
TIMS,1 
TIN TIN,1 
TINKA,1 
TINKERBELLE,1 
TINKLE,1 
TINKY,1 
TINY TAMMY,1 
TIPI,1 
TIPPO,1 
TIPTREE,1 
TIPY,1 
TIRAMISU,1 
TISH,1 
TITA,1 
TITAN,1 
TITANIC,1 
TITI,1 
TITOU,1 
TITOUF TITOU,1 
TIZZY,1 
TJ THE CAT,1 
TOAD,1 
TOASTY,1 
TOBEE,1 
TOBEY,1 
TOBIE,1 
TOBY FOX,1 
TODD,1 
TOE,1 
TOES,1 
TOEZ,1 
TOFFEE,1 
TOFFLEMIRE,1 
TOFFY,1 
TOFI,1 
TOKEN,1 
TOKENS,1 
TOKI,1 
TOKO,1 
TOLKIEN,1 
TOMATO,1 
TOMBA,1 
TOMI,1 
TOMMY BOY,1 
TONGA,1 
TONIC,1 
TONINO,1 
TONTON,1 
TONYA,1 
TONYTANGA,1 
TOOKIE,1 
TOOLUM,1 
TOOTIE,1 
TOOTS,1 
TOOTSIE-DECL,1 
TOPAZ,1 
TORA,1 
TORBO,1 
TORNADO,1 
TORO,1 
TORONTO,1 
TORTIE,1 
TORY,1 
TOSH,1 
TOSHA,1 
TOSIA,1 
TOSSER,1 
TOSTITO,1 
TOTORO,1 
TOTTI,1 
TOULA,1 
TOULAH SCOTT,1 
TOULOUSE,1 
TOUTA,1 
TOUTOU,1 
TOWEL,1 
TOZZI,1 
TPOL,1 
T'POL,1 
TRAPS,1 
TRASH,1 
TREACH,1 
TRENT,1 
TRICKY,1 
TRICO,1 
TRIDELLE,1 
TRIGGY,1 
TRILLIUM,1 
TRIP,1 
TRIPOD,1 
TRIPPER,1 
TRISCET,1 
TRISH,1 
TRIX,1 
TROUBLE JR,1 
TRUFFIES,1 
TRUNKS,1 
TSUNOMO,1 
TT,1 
TUAN ZI,1 
TUBBLES,1 
TUBBY,1 
TUBESOCK,1 
TUCSON,1 
TUDDER,1 
TUFF,1 
TUFT,1 
TUG,1 
TUHKA,1 
TUI,1 
TUKI,1 
TULIPE,1 
TULLY,1 
TUMBLE,1 
TUMERIC,1 
TUMMS,1 
TUMNUS,1 
TUP,1 
TUPPENCE,1 
TURDY,1 
TURLOC,1 
TURQUOISE,1 
TUSIA,1 
TUT,1 
TUXIE,1 
TWEETY,1 
TWILA,1 
TWIN,1 
TWINKLE LIGH,1 
TWINKLES,1 
TWINKY,1 
TWISTER,1 
TWO,1 
TWO TONE,1 
TWYLA,1 
TYCA,1 
TYE,1 
TYGA,1 
TYLER,1 
TYPSY,1 
TYRIN,1 
UDON,1 
UDUNDUN,1 
ULI,1 
ULYSEE,1 
ULYSSE,1 
UMA,1 
UMBREON,1 
UMI,1 
UMI ZOOMIE,1 
UMKA,1 
UMU,1 
UNICORN,1 
USHIE,1 
USMAN,1 
UTAH,1 
VADA,1 
VALA,1 
VALENTINA,1 
VALENTINO,1 
VALERIE,1 
VALKYRE,1 
VAN,1 
VANDER BOY,1 
VANELLOPE,1 
VANESSA,1 
VANI,1 
VANILLA BEAN,1 
VANILLI,1 
VANZETTI,1 
VASH,1 
VASILISA,1 
VASILIY,1 
VEETO CHEETO,1 
VELCRO,1 
VELMA,1 
VENTI,1 
VERANO,1 
VERNE,1 
VERSACE,1 
VERTIGO,1 
VESPER,1 
VETA LOUISE,1 
VEX,1 
VICTORY,1 
VIENNA,1 
VIKTOR,1 
VINCE,1 
VIOLETTA,1 
VITEK,1 
VIXEN,1 
VLADDY,1 
VOID,1 
VOSTOK,1 
VOYNICH,1 
VP,1 
VROUW,1 
W,1 
WADDLES,1 
WADE,1 
WALDEN,1 
WALDO,1 
WALDREG,1 
WALKER,1 
WALNUT CRUNC,1 
WALT,1 
WAPITI,1 
WARMTH,1 
WASH,1 
WEALTH,1 
WEASEL,1 
WEAVER,1 
WEBER,1 
WEBSTER,1 
WEE MAC,1 
WEENESS,1 
WEEWA,1 
WEGO,1 
WELLINGTON,1 
WENDEL,1 
WERO,1 
WESCA,1 
WHIPPET,1 
WHISKER,1 
WHISKIE,1 
WHITAKER,1 
WHITCHY,1 
WHITE,1 
WHITE BLAZE,1 
WHITE LIGHTE,1 
WHITE PAWS,1 
WHITIE,1 
WHITY,1 
WHOOPI,1 
WHYPPA,1 
WICCA,1 
WICK,1 
WIDGET,1 
WIGTON,1 
WILBERT,1 
WILEY,1 
WILEY LAWSON,1 
WILLBOUGHBY,1 
WILLEMINA,1 
WILLIE JACK,1 
WILLINGTON,1 
WILLIS,1 
WILLOUGHBY,1 
WILY(WILEY),1 
WINGS,1 
WINJIG,1 
WINKS,1 
WINNIFRED,1 
WINSTON BERN,1 
WISHES,1 
WITCH,1 
WLADEK,1 
WOLFEY,1 
WOLVERINE,1 
WONDERPANTS,1 
WOOBIE,1 
WOOD,1 
WOODERSON (W,1 
WOODSLEY,1 
WOOKIE,1 
WOOLY BULLY,1 
WOWZER,1 
WYATT,1 
WYNN,1 
WYNONNA,1 
WYTT,1 
XANO,1 
XIAOBAI,1 
XIAOBAO,1 
XIAOFU,1 
XIAOHUA,1 
XINGXINGA,1 
XIUMINI,1 
XU,1 
YADDLE,1 
YAHOO,1 
YAMI,1 
YAMIDAMARU,1 
YANNI,1 
YARA,1 
YARP YARP,1 
YASIK,1 
YELLOW,1 
YELLOW FACE,1 
YIN,1 
YING,1 
YO,1 
YOJI,1 
YOKO CRUZ,1 
YOOUNGI,1 
YORICK,1 
YORK,1 
YOSEMITE SAM,1 
YOSSARIAN,1 
YOUFFIE,1 
YOYOGI,1 
YSABEL,1 
YUAN BAO,1 
YUI,1 
YUKON,1 
YULE,1 
YUMMI,1 
YUNA,1 
YUREI,1 
YURI,1 
YVAINE,1 
YVONNE,1 
ZAARA,1 
ZACARIAS,1 
ZACHARY,1 
ZAIKA,1 
ZAK,1 
ZANDER,1 
ZANDY,1 
ZARAH,1 
ZARO,1 
ZAZA,1 
ZAZU,1 
ZAZZLES,1 
ZEBRA,1 
ZEBRIS,1 
ZEKE,1 
ZELLIE,1 
ZESTY,1 
ZHA JI,1 
ZHUZHU,1 
ZIBA,1 
ZICO,1 
ZIGGY LAWSON,1 
ZIGGY S,1 
ZIGZAG,1 
ZIMA,1 
ZINA,1 
ZINGARA,1 
ZINNY,1 
ZINO,1 
ZIOSKYE,1 
ZIPPY TIPPY,1 
ZIRCON,1 
ZIZEK,1 
ZIZOU,1 
ZODIAC,1 
ZOE WILSON,1 
ZOKIE,1 
ZOOBY,1 
ZOOEY,1 
ZOOMER,1 
ZOOMI,1 
ZOONIE,1 
ZORO,1 
ZOZO,1 
ZSA ZSA,1 
ZSAZSA GABOR,1 
ZUES,1 
ZUKI,1 
ZULA,1 
ZULU,1 
ZUMA,1 
ZUNI,1 
ZURSHA,1 
ZUZIA,1 
ZYON,1 
ZYRA,1 
1,
